currentX,currentY,dx,dy,dt,d,targetX,targetY
543,498,0,0,0,985.6048904099451,899,404
539,501,-4,3,17,988.0334002451536,899,404
537,503,-2,2,16,986.6128926787851,899,404
536,505,-1,2,17,985.6997514456418,899,404
535,505,-1,0,17,986.5171057817497,899,404
535,506,0,1,16,985.1954120883836,899,404
536,506,1,0,24,984.6928455107206,899,404
541,504,5,-2,9,981.8716820440438,899,404
567,497,26,-7,17,964.9093221645234,899,404
609,488,42,-9,18,951.3243400649434,899,404
665,485,56,-3,16,936.1078997636971,899,404
726,485,61,0,16,930.3010265500087,899,404
766,493,40,8,17,945.8842423890991,899,404
807,505,41,12,16,943.3069489832035,899,404
818,509,11,4,17,973.9322358357382,899,404
834,516,16,7,17,968.1415185808323,899,404
837,518,3,2,16,982.0488786206113,899,404
838,515,1,-3,124,985.9274821202622,899,404
844,508,6,-7,10,983.0411995435389,899,404
854,496,10,-12,17,981.5177023365396,899,404
864,485,10,-11,16,981.0942870081346,899,404
878,470,14,-15,17,979.1761843509063,899,404
888,459,10,-11,16,981.0942870081346,899,404
895,451,7,-8,17,982.5517798060314,899,404
899,445,4,-6,17,984.4414660100416,899,404
901,442,2,-3,16,985.0167511265988,899,404
902,440,1,-2,17,985.5150937453977,899,404
902,438,0,-2,17,986.4263783983071,899,404
902,436,0,-2,16,986.4263783983071,899,404
902,432,0,-4,17,987.2512344889724,899,404
902,427,0,-5,18,987.664922936924,899,404
902,423,0,-4,15,987.2512344889724,899,404
901,420,-1,-3,17,987.7494621613316,899,404
900,417,-1,-3,17,987.7494621613316,899,404
900,415,0,-2,17,986.4263783983071,899,404
900,413,0,-2,16,986.4263783983071,899,404
900,411,0,-2,18,986.4263783983071,899,404
899,409,-1,-2,16,987.3378347860473,899,404
899,408,0,-1,16,986.0152128643858,899,404
899,408,0,0,17,985.6048904099451,899,404
899,406,0,-2,17,986.4263783983071,899,404
899,405,0,-1,16,986.0152128643858,899,404
899,405,0,0,15,985.6048904099451,899,404
899,404,0,-1,2,986.0152128643858,899,404
899,405,0,1,269,1345.606554680825,1224,560
899,406,0,1,14,1345.606554680825,1224,560
894,414,-5,8,17,1347.2731720033617,1224,560
883,423,-11,9,17,1352.3409333448426,1224,560
872,429,-11,6,16,1353.5660308976433,1224,560
861,433,-11,4,17,1354.385838673751,1224,560
855,434,-6,1,16,1351.0666156781463,1224,560
854,435,-1,1,17,1346.5162457244992,1224,560
854,435,0,0,17,1346.0222880769843,1224,560
878,435,24,0,17,1324.235628579748,1224,560
946,435,68,0,16,1284.4983456587245,1224,560
1034,442,88,7,17,1263.4496428429588,1224,560
1103,460,69,18,17,1275.84834521976,1224,560
1178,486,75,26,16,1267.0268347592328,1224,560
1210,502,32,16,17,1310.267148332736,1224,560
1230,517,20,15,17,1321.6054630637693,1224,560
1239,526,9,9,16,1334.1011955620158,1224,560
1244,533,5,7,17,1338.5701326415438,1224,560
1245,536,1,3,17,1343.8668088765344,1224,560
1244,536,-1,0,16,1346.93169834257,1224,560
1242,536,-2,0,17,1347.8412369415028,1224,560
1241,536,-1,0,17,1346.93169834257,1224,560
1240,536,-1,0,16,1346.93169834257,1224,560
1239,535,-1,-1,17,1347.3477650554812,1224,560
1239,535,0,0,17,1346.0222880769843,1224,560
1238,535,-1,0,16,1346.93169834257,1224,560
1237,535,-1,0,17,1346.93169834257,1224,560
1235,537,-2,2,17,1347.0115070035592,1224,560
1232,539,-3,2,17,1347.9217336329286,1224,560
1231,542,-1,3,16,1345.6871850471045,1224,560
1229,546,-2,4,17,1346.184237019584,1224,560
1228,549,-1,3,16,1345.6871850471045,1224,560
1226,553,-2,4,17,1346.184237019584,1224,560
1226,555,0,2,16,1345.1914361904032,1224,560
1225,557,-1,2,18,1346.1014077698603,1224,560
1225,558,0,1,16,1345.606554680825,1224,560
1224,559,-1,1,17,1346.5162457244992,1224,560
1224,560,0,1,16,1345.606554680825,1224,560
1224,560,0,0,18,1346.0222880769843,1224,560
1223,560,-1,0,184,1562.513679940115,1367,755
1215,560,-8,0,15,1568.6459128815527,1367,755
1190,560,-25,0,17,1583.5684386852372,1367,755
1153,560,-37,0,17,1594.1270338338786,1367,755
1098,560,-55,0,16,1610.0027950286299,1367,755
1032,560,-66,0,17,1619.72652012616,1367,755
970,560,-62,0,16,1616.1887266034248,1367,755
936,559,-34,-1,17,1591.9601125656384,1367,755
914,555,-22,-4,17,1582.8461706685207,1367,755
905,552,-9,-3,16,1570.9678545406332,1367,755
900,549,-5,-3,17,1567.4654701140948,1367,755
904,546,4,-3,17,1559.5938573872365,1367,755
939,542,35,-4,16,1533.0704484791297,1367,755
1022,540,83,-2,17,1490.5384932969696,1367,755
1112,554,90,14,17,1476.4179625024888,1367,755
1181,581,69,27,17,1488.2163821165254,1367,755
1259,626,78,45,16,1471.604906216339,1367,755
1290,652,31,26,16,1521.9517075124295,1367,755
1345,716,55,64,17,1482.8435520984674,1367,755
1359,742,14,26,17,1536.8962229116187,1367,755
1362,750,3,8,17,1555.1543331772573,1367,755
1363,759,1,9,16,1556.4292467054197,1367,755
1362,760,-1,1,17,1562.0307295312728,1367,755
1362,760,0,0,291,1561.6382423596062,1367,755
1363,760,1,0,9,1560.762954455288,1367,755
1364,760,1,0,17,1560.762954455288,1367,755
1366,759,2,-1,16,1560.3720710138336,1367,755
1367,758,1,-1,17,1561.2469375470364,1367,755
1367,757,0,-1,17,1562.1219542660554,1367,755
1368,757,1,0,16,1560.762954455288,1367,755
1368,756,0,-1,17,1562.1219542660554,1367,755
1368,756,0,0,17,1561.6382423596062,1367,755
1368,756,0,0,17,1561.6382423596062,1367,755
1368,755,0,-1,16,1562.1219542660554,1367,755
1368,755,0,0,17,1561.6382423596062,1367,755
1368,755,0,0,50,1561.6382423596062,1367,755
1368,755,0,0,23,1561.6382423596062,1367,755
1368,755,0,0,25,1561.6382423596062,1367,755
1367,755,-1,0,6,1562.513679940115,1367,755
1367,755,0,0,309,510.4057209710722,267,435
1362,755,-5,0,6,513.0389848734694,267,435
1357,754,-5,-1,14,513.8871471441954,267,435
1335,751,-22,-3,17,524.7523225294005,267,435
1285,741,-50,-10,16,546.3643472994921,267,435
1138,708,-147,-33,17,624.8359784775521,267,435
968,651,-170,-57,17,658.0524295221468,267,435
779,574,-189,-77,16,685.6238035541065,267,435
589,488,-190,-86,17,693.0295808982471,267,435
547,471,-42,-17,17,547.5262550782383,267,435
500,452,-47,-19,16,552.0072463292488,267,435
480,444,-20,-8,17,527.8427796228722,267,435
464,439,-16,-5,16,523.1529413087534,267,435
464,439,0,0,17,510.4057209710722,267,435
463,439,-1,0,120,510.929545045107,267,435
457,439,-6,0,14,513.5698589286563,267,435
438,439,-19,0,16,520.5967729442817,267,435
402,439,-36,0,17,530.1264000217307,267,435
364,439,-38,0,17,531.2720583655798,267,435
333,439,-31,0,16,527.2845531589181,267,435
308,439,-25,0,17,523.9169781558907,267,435
286,436,-22,-3,17,524.7523225294005,267,435
278,434,-8,-2,16,516.3274155029926,267,435
273,432,-5,-2,17,514.7358545895166,267,435
271,432,-2,0,17,511.45478783564045,267,435
270,432,-1,0,16,510.929545045107,267,435
270,432,0,0,54,510.4057209710722,267,435
270,432,0,0,13,510.4057209710722,267,435
270,433,0,1,17,509.5537263135262,267,435
269,433,-1,0,16,510.929545045107,267,435
268,433,-1,0,17,510.929545045107,267,435
267,434,-1,1,17,510.07842534261334,267,435
267,435,0,1,16,509.5537263135262,267,435
267,435,0,0,17,510.4057209710722,267,435
267,435,0,0,17,510.4057209710722,267,435
267,436,0,1,161,723.21297001644,619,375
267,436,0,0,6,723.7306128664173,619,375
267,436,0,0,16,723.7306128664173,619,375
276,438,9,2,17,715.0027971973257,619,375
288,442,12,4,16,711.4000281135783,619,375
312,447,24,5,18,700.6604027629933,619,375
361,457,49,10,16,676.8493185340442,619,375
437,469,76,12,16,653.1600110233326,619,375
525,470,88,1,17,649.4897997659393,619,375
629,470,104,0,17,637.0635761052424,619,375
705,464,76,-6,16,663.3324958118666,619,375
752,457,47,-7,17,687.8284669886817,619,375
767,455,15,-2,17,712.0007022468448,619,375
784,451,17,-4,16,711.3683996355194,619,375
790,447,6,-4,17,720.7010475918569,619,375
790,442,0,-5,17,726.3339452345595,619,375
774,432,-16,-10,16,742.5967950375224,619,375
746,419,-28,-13,17,754.422295534802,619,375
718,407,-28,-12,17,753.9084825096478,619,375
680,393,-38,-14,16,763.5247212762662,619,375
658,387,-22,-6,17,745.6822379539424,619,375
643,383,-15,-4,17,738.64538176313,619,375
636,382,-7,-1,16,730.2410560903844,619,375
629,381,-7,-1,17,730.2410560903844,619,375
625,380,-4,-1,17,727.670942116009,619,375
622,379,-3,-1,16,726.8149695761639,619,375
619,378,-3,-1,17,726.8149695761639,619,375
616,377,-3,-1,17,726.8149695761639,619,375
612,375,-4,-2,16,728.18816249648,619,375
607,374,-5,-1,17,728.5272815756456,619,375
603,372,-4,-2,17,728.18816249648,619,375
598,370,-5,-2,16,729.0438944261175,619,375
595,368,-3,-2,17,727.332798655471,619,375
592,367,-3,-1,17,726.8149695761639,619,375
590,366,-2,-1,17,725.9593652540065,619,375
589,366,-1,0,13,724.5860887430837,619,375
589,366,0,0,4,723.7306128664173,619,375
589,366,0,0,154,723.7306128664173,619,375
589,367,0,1,12,723.21297001644,619,375
589,368,0,1,17,723.21297001644,619,375
590,371,1,3,16,721.3237830544616,619,375
595,373,5,2,17,718.4184017687743,619,375
601,373,6,0,16,718.6055941891908,619,375
612,373,11,0,17,714.3451546696457,619,375
615,373,3,0,17,721.1664163007038,619,375
619,373,4,0,17,720.3124322125782,619,375
620,373,1,0,16,722.8755079541705,619,375
620,373,0,0,17,723.7306128664173,619,375
620,373,0,0,16,723.7306128664173,619,375
620,374,0,1,17,723.21297001644,619,375
620,374,0,0,17,723.7306128664173,619,375
620,375,0,1,16,723.21297001644,619,375
619,375,-1,0,18,724.5860887430837,619,375
619,375,0,0,312,690.591775218906,679,126
619,362,0,-13,21,693.0815247862259,679,126
625,329,6,-33,16,691.5272951952078,679,126
642,275,17,-54,17,686.0349845306724,679,126
669,202,27,-73,16,681.6927460373919,679,126
682,173,13,-29,17,683.7989470597333,679,126
688,155,6,-18,17,688.2332453463724,679,126
693,143,5,-12,16,687.9825579184403,679,126
695,137,2,-6,18,689.7485048914568,679,126
695,134,0,-3,16,691.1454260862905,679,126
695,132,0,-2,16,690.9594778277523,679,126
693,130,-2,-2,17,692.9249598621773,679,126
691,129,-2,-1,16,692.7409328168792,679,126
689,128,-2,-1,18,692.7409328168792,679,126
688,128,-1,0,16,691.5750140078804,679,126
687,128,-1,0,17,691.5750140078804,679,126
685,127,-2,-1,16,692.7409328168792,679,126
684,127,-1,0,17,691.5750140078804,679,126
683,127,-1,0,17,691.5750140078804,679,126
681,126,-2,-1,17,692.7409328168792,679,126
680,126,-1,0,16,691.5750140078804,679,126
680,126,0,0,17,690.591775218906,679,126
679,126,-1,0,16,691.5750140078804,679,126
680,126,1,0,262,1027.4945255328614,1024,96
680,126,0,0,5,1028.4901555192446,1024,96
681,127,1,1,17,1027.4015767945853,1024,96
683,128,2,1,16,1026.4058651430241,1024,96
689,130,6,2,17,1022.3306705758172,1024,96
706,131,17,1,17,1011.4712057196685,1024,96
757,131,51,0,16,977.7243987954888,1024,96
842,131,85,0,17,943.8945915725972,1024,96
949,130,107,-1,17,922.1160447579252,1024,96
992,129,43,-1,16,985.7839519894814,1024,96
1037,128,45,-1,18,983.7936775564275,1024,96
1058,127,21,-1,16,1007.6795125435467,1024,96
1074,127,16,0,16,1012.5611092669914,1024,96
1078,126,4,-1,17,1024.601873900297,1024,96
1079,126,1,0,17,1027.4945255328614,1024,96
1079,126,0,0,17,1028.4901555192446,1024,96
1078,126,-1,0,16,1029.4857939767794,1024,96
1074,126,-4,0,17,1032.4727599312246,1024,96
1071,125,-3,-1,16,1031.5706471202056,1024,96
1067,124,-4,-1,18,1032.5662206367201,1024,96
1063,123,-4,-1,16,1032.5662206367201,1024,96
1059,122,-4,-1,16,1032.5662206367201,1024,96
1054,120,-5,-2,17,1033.6561323767203,1024,96
1049,118,-5,-2,17,1033.6561323767203,1024,96
1042,116,-7,-2,16,1035.647140680647,1024,96
1037,112,-5,-4,18,1033.847667695778,1024,96
1033,109,-4,-3,16,1032.7560215268657,1024,96
1029,104,-4,-5,17,1032.9496599544432,1024,96
1026,100,-3,-4,16,1031.8570637447806,1024,96
1025,98,-1,-2,17,1029.674220324079,1024,96
1024,96,-1,-2,14,1029.674220324079,1024,96
1024,96,0,0,2,1028.4901555192446,1024,96
1024,96,0,0,171,598.1454672569207,597,37
1024,97,0,1,13,598.0844421985912,597,37
1024,100,0,3,16,597.9673904152299,597,37
1025,104,1,4,17,596.9128914674234,597,37
1026,106,1,2,17,597.0268000684727,597,37
1027,110,1,4,17,596.9128914674234,597,37
1027,112,0,2,16,598.0250830859857,597,37
1027,112,0,0,17,598.1454672569207,597,37
1025,113,-2,1,16,600.0808278890436,597,37
1007,120,-18,7,17,615.7312725532138,597,37
950,135,-57,15,17,654.3699259593154,597,37
869,153,-81,18,16,678.26617194137,597,37
767,168,-102,15,17,699.3461231750699,597,37
700,168,-67,0,17,665.0300745079128,597,37
620,163,-80,-5,17,678.3015553572025,597,37
554,143,-66,-20,16,665.4457152916382,597,37
516,125,-38,-18,16,637.3774391990981,597,37
491,109,-25,-16,17,624.2539547331679,597,37
473,92,-18,-17,17,617.3661798317106,597,37
468,84,-5,-8,17,603.6795507551999,597,37
466,77,-2,-7,16,600.6138526540992,597,37
470,64,4,-13,17,595.1041925579083,597,37
476,60,6,-4,17,592.4204587959467,597,37
485,54,9,-6,16,589.5701824210583,597,37
494,49,9,-5,17,589.4980915999644,597,37
503,45,9,-4,17,589.4276885250641,597,37
516,42,13,-3,16,585.368260157655,597,37
529,40,13,-2,17,585.3007773786055,597,37
543,39,14,-1,17,584.2371093999421,597,37
551,39,8,0,16,590.1609949835722,597,37
559,39,8,0,18,590.1609949835722,597,37
566,38,7,-1,15,591.2224623608274,597,37
572,37,6,-1,17,592.220398162711,597,37
578,35,6,-2,17,592.2854041760611,597,37
584,34,6,-1,18,592.220398162711,597,37
587,34,3,0,15,595.1512412824155,597,37
590,34,3,0,17,595.1512412824155,597,37
593,34,3,0,17,595.1512412824155,597,37
594,34,1,0,16,597.1473854920575,597,37
595,35,1,1,17,597.0862584250285,597,37
596,36,1,1,18,597.0862584250285,597,37
596,37,0,1,15,598.0844421985912,597,37
597,37,1,0,17,597.1473854920575,597,37
597,37,0,0,176,1005.2686208173416,846,543
597,38,0,1,7,1004.7288191347952,846,543
597,40,0,2,17,1004.1897231101302,846,543
597,42,0,2,17,1004.1897231101302,846,543
598,46,1,4,16,1002.27042259063,846,543
599,51,1,5,18,1001.732998358345,846,543
605,61,6,10,16,994.8311414506484,846,543
613,71,8,10,16,993.1429907118109,846,543
635,87,22,16,17,978.1129791593607,846,543
663,103,28,16,17,973.0637183658632,846,543
705,126,42,23,16,957.5050913702756,846,543
750,157,45,31,17,950.6550373295247,846,543
791,198,41,41,17,948.6985822694161,846,543
823,247,32,49,16,952.1722533239456,846,543
843,301,20,54,17,959.894265010475,846,543
850,338,7,37,17,979.7739535219335,846,543
851,401,1,63,16,971.8153116719246,846,543
844,422,-7,21,17,1000.0464989189253,846,543
838,434,-6,12,17,1003.9247979804065,846,543
832,443,-6,9,16,1005.5147935261818,846,543
829,447,-3,4,17,1005.645066611476,846,543
828,449,-1,2,17,1005.0323377881928,846,543
827,450,-1,1,16,1005.5709820793359,846,543
827,450,0,0,17,1005.2686208173416,846,543
827,450,0,0,21,1005.2686208173416,846,543
827,451,0,1,16,1004.7288191347952,846,543
827,451,0,0,13,1005.2686208173416,846,543
828,454,1,3,17,1002.808556006579,846,543
830,460,2,6,16,1000.3524378937656,846,543
833,470,3,10,17,997.3655297833387,846,543
836,480,3,10,17,997.3655297833387,846,543
838,489,2,9,16,998.7452127544842,846,543
841,506,3,17,17,993.6422897602537,846,543
842,516,1,10,17,999.0565549557242,846,543
843,521,1,5,16,1001.732998358345,846,543
843,527,0,6,17,1002.0404183464857,846,543
844,531,1,4,17,1002.27042259063,846,543
844,534,0,3,16,1003.6513338804467,846,543
844,536,0,2,18,1004.1897231101302,846,543
845,538,1,2,16,1003.3473974651054,846,543
845,539,0,1,16,1004.7288191347952,846,543
845,539,0,0,17,1005.2686208173416,846,543
845,540,0,1,17,1004.7288191347952,846,543
845,540,0,0,16,1005.2686208173416,846,543
845,540,0,0,17,1005.2686208173416,846,543
845,541,0,1,17,1004.7288191347952,846,543
845,541,0,0,17,1005.2686208173416,846,543
845,542,0,1,16,1004.7288191347952,846,543
845,542,0,0,17,1005.2686208173416,846,543
846,542,1,0,17,1004.4271999503001,846,543
846,543,0,1,16,1004.7288191347952,846,543
846,543,0,0,17,1005.2686208173416,846,543
846,543,0,0,16,1005.2686208173416,846,543
844,543,-2,0,355,509.7548430373173,473,185
840,540,-4,-3,12,512.7114198065028,473,185
813,525,-27,-15,17,538.5164807134504,473,185
750,481,-63,-44,16,582.8696252164801,473,185
676,419,-74,-62,17,600.1816391726758,473,185
594,345,-82,-74,17,612.4589782181334,473,185
545,295,-49,-50,16,572.458732137086,473,185
508,259,-37,-36,17,555.8246126252417,473,185
485,239,-23,-20,17,536.6945127351313,473,185
474,228,-11,-11,16,522.1800455781512,473,185
470,224,-4,-4,17,513.078941294612,473,185
469,223,-1,-1,16,509.187588222651,473,185
469,222,0,-1,17,508.2568248435037,473,185
469,222,0,0,21,507.8917207437034,473,185
469,222,0,0,17,507.8917207437034,473,185
469,222,0,0,12,507.8917207437034,473,185
469,220,0,-2,17,508.62363295466326,473,185
469,218,0,-2,17,508.62363295466326,473,185
468,215,-1,-3,16,509.9215625956604,473,185
468,210,0,-5,18,509.7342444843195,473,185
468,205,0,-5,16,509.7342444843195,473,185
468,200,0,-5,16,509.7342444843195,473,185
468,196,0,-4,17,509.36234646860186,473,185
469,190,1,-6,18,509.1807144816072,473,185
471,188,2,-2,15,506.7642449897191,473,185
472,187,1,-1,17,507.3263249625432,473,185
472,186,0,-1,17,508.2568248435037,473,185
473,185,1,-1,16,507.3263249625432,473,185
473,185,0,0,17,507.8917207437034,473,185
473,185,0,0,17,507.8917207437034,473,185
474,186,1,1,280,895.323405256447,801,403
475,189,1,3,7,894.4271909999159,801,403
478,192,3,3,13,892.6387847276187,801,403
487,201,9,9,16,884.5903006477066,801,403
518,230,31,29,17,856.0233641671236,801,403
558,265,40,35,17,845.3076363076344,801,403
618,312,60,47,16,822.0808962626488,801,403
707,382,89,70,17,786.0235365432768,801,403
751,416,44,34,17,842.1460680903284,801,403
795,451,44,35,18,841.7083818045297,801,403
812,466,17,15,15,874.7571091451615,801,403
825,477,13,11,17,880.1181738834848,801,403
830,481,5,4,16,890.4027178754566,801,403
831,483,1,2,18,894.8748515854046,801,403
832,483,1,0,16,895.7728506714188,801,403
832,483,0,0,16,896.6660470877661,801,403
832,483,0,0,30,896.6660470877661,801,403
832,482,0,-1,7,897.1159345368914,801,403
832,481,0,-1,13,897.1159345368914,801,403
832,478,0,-3,17,898.0183739768357,801,403
832,473,0,-5,17,898.9243572181143,801,403
832,466,0,-7,16,899.8338735566693,801,403
832,462,0,-4,17,898.4709232913439,801,403
832,456,0,-6,17,899.3786744191792,801,403
831,445,-1,-11,16,902.5519375637061,801,403
829,439,-2,-6,17,901.1603630875029,801,403
827,432,-2,-7,17,901.6146627024208,801,403
824,426,-3,-6,16,902.0515506333327,801,403
822,422,-2,-4,18,900.2544084868455,801,403
817,416,-5,-6,16,903.8346087642362,801,403
814,413,-3,-3,17,900.6952869866701,801,403
810,409,-4,-4,17,902.0388018261742,801,403
807,406,-3,-3,16,900.6952869866701,801,403
804,404,-3,-2,17,900.2449666618526,801,403
802,403,-2,-1,16,898.9021081296895,801,403
801,403,-1,0,18,897.5594687818741,801,403
801,403,0,0,16,896.6660470877661,801,403
801,403,0,0,16,896.6660470877661,801,403
799,404,-2,1,319,342.31710445141357,28,342
777,413,-22,9,14,336.7328317821118,28,342
719,429,-58,16,17,337.1527843574779,28,342
645,436,-74,7,17,350.1842372237791,28,342
553,436,-92,0,16,362.44171945293493,28,342
462,418,-91,-18,17,379.15827829548965,28,342
402,397,-60,-21,17,373.51439061969216,28,342
330,373,-72,-24,16,379.41533970043963,28,342
290,361,-40,-12,17,360.4719129141687,28,342
250,353,-40,-8,17,356.5445273735105,28,342
230,351,-20,-2,16,347.3326935374786,28,342
209,350,-21,-1,17,346.4823227814083,28,342
187,350,-22,0,17,345.6356463098099,28,342
171,352,-16,2,16,342.8352373954579,28,342
151,356,-20,4,17,341.3912711244973,28,342
129,359,-22,3,17,342.6674773012461,28,342
90,361,-39,2,17,346.5385981387932,28,342
71,361,-19,0,16,345.2144261180288,28,342
52,357,-19,-4,18,349.17760523836574,28,342
36,353,-16,-4,15,348.78646762740095,28,342
28,351,-8,-2,17,345.878591416121,28,342
22,348,-6,-3,17,346.6713140714126,28,342
17,347,-5,-1,16,344.58380693236296,28,342
15,347,-2,0,18,343.3132680220792,28,342
15,346,0,-1,16,344.1409594918919,28,342
15,347,0,1,50,342.14762895568924,28,342
17,347,2,0,16,342.98688021555574,28,342
18,348,1,1,17,342.06724485106724,28,342
18,348,0,0,17,343.144284521832,28,342
19,348,1,0,16,343.06413394582654,28,342
20,346,1,-2,17,345.05796614482034,28,342
21,344,1,-2,17,345.05796614482034,28,342
23,343,2,-1,17,343.98401125633734,28,342
26,342,3,-1,16,343.9098719141397,28,342
27,342,1,0,17,343.06413394582654,28,342
28,342,1,0,17,343.06413394582654,28,342
29,342,1,0,200,563.7597005817283,66,560
37,342,8,0,16,562.9955594851526,66,560
47,342,10,0,17,562.7930347827698,66,560
58,341,11,-1,16,563.6896309140341,66,560
73,340,15,-1,17,563.3134118765503,66,560
119,339,46,-1,17,561.3563930338729,66,560
164,339,45,0,17,560.3936116695122,66,560
216,355,52,16,16,544.1801172406063,66,560
265,382,49,27,17,533.2710380285057,66,560
293,409,28,27,16,534.3528796591256,66,560
315,444,22,35,17,526.8405830989104,66,560
321,472,6,28,17,535.372767331324,66,560
319,503,-2,31,16,533.3526038185246,66,560
294,527,-25,24,17,543.6699366343518,66,560
253,552,-41,25,17,545.595087954428,66,560
181,578,-72,26,16,551.5432893255071,66,560
148,581,-33,3,17,565.7296173968621,66,560
108,582,-40,1,17,568.9613343628897,66,560
87,581,-21,-1,16,567.7059097807596,66,560
68,576,-19,-5,17,571.3580313603721,66,560
60,573,-8,-3,17,567.8424077153801,66,560
55,571,-5,-2,17,566.467121729055,66,560
52,569,-3,-2,16,566.2199219384638,66,560
51,569,-1,0,17,563.9937942921003,66,560
50,569,-1,0,16,563.9937942921003,66,560
50,569,0,0,85,563.8758728656512,66,560
50,568,0,-1,24,564.8690113645818,66,560
50,568,0,0,9,563.8758728656512,66,560
50,567,0,-1,16,564.8690113645818,66,560
50,566,0,-1,17,564.8690113645818,66,560
50,565,0,-1,16,564.8690113645818,66,560
52,563,2,-2,17,565.6323894544937,66,560
55,561,3,-2,16,565.5201145847954,66,560
58,560,3,-1,17,564.5263501378832,66,560
61,560,3,0,17,563.5326077522045,66,560
63,560,2,0,17,563.6452785218731,66,560
65,560,2,0,16,563.6452785218731,66,560
66,560,1,0,17,563.7597005817283,66,560
66,560,0,0,262,1125.275521816768,943,614
69,559,3,-1,6,1123.3098414952128,943,614
72,557,3,-2,15,1123.8576422305453,943,614
101,545,29,-12,17,1107.82309056997,943,614
165,524,64,-21,16,1084.373551872232,943,614
241,502,76,-22,17,1075.2604335694678,943,614
388,476,147,-26,17,1021.3794593587635,943,614
460,473,72,-3,17,1067.394022842549,943,614
549,473,89,0,16,1051.8136717118675,943,614
625,483,76,10,17,1056.6480019382045,943,614
685,502,60,19,16,1064.7600668695272,943,614
717,517,32,15,17,1090.28528376751,943,614
747,538,30,21,17,1088.6771789653717,943,614
761,552,14,14,16,1105.9118409710604,943,614
772,566,11,14,17,1108.4331283392787,943,614
778,579,6,13,17,1113.1801291794604,943,614
783,590,5,11,16,1115.1022374652468,943,614
787,596,4,6,17,1118.6532081033872,943,614
791,599,4,3,17,1120.286570480964,943,614
798,603,7,4,16,1117.226924129561,943,614
804,604,6,1,17,1119.7044252837443,943,614
817,604,13,0,17,1114.4038765187422,943,614
828,604,11,0,16,1116.0734742838395,943,614
840,604,12,0,17,1115.238539506235,943,614
847,604,7,0,17,1119.4159191292574,943,614
858,604,11,0,16,1116.0734742838395,943,614
865,604,7,0,18,1119.4159191292574,943,614
872,604,7,0,16,1119.4159191292574,943,614
879,604,7,0,16,1119.4159191292574,943,614
884,604,5,0,18,1121.0887565219803,943,614
892,604,8,0,16,1118.5799032702134,943,614
898,604,6,0,17,1120.2522037469955,943,614
906,604,8,0,16,1118.5799032702134,943,614
915,605,9,1,17,1117.1951485752165,943,614
924,607,9,2,17,1116.6467659918244,943,614
931,609,7,2,16,1118.320168824653,943,614
936,610,5,1,17,1120.541387008976,943,614
940,612,4,2,16,1120.8322800490714,943,614
941,613,1,1,17,1123.8918987162422,943,614
941,613,0,0,17,1125.275521816768,943,614
942,614,1,1,16,1123.8918987162422,943,614
942,614,0,0,17,1125.275521816768,943,614
942,614,0,0,18,1125.275521816768,943,614
942,614,0,0,15,1125.275521816768,943,614
943,614,1,0,17,1124.43763722138,943,614
942,614,-1,0,133,438.2659010235681,60,434
942,614,0,0,212,438.1278352262043,60,434
937,613,-5,-1,6,439.82951242498496,60,434
926,611,-11,-2,16,441.74313803385786,60,434
837,591,-89,-20,16,477.8252818761268,60,434
728,565,-109,-26,17,490.06224094496406,60,434
602,531,-126,-34,17,503.6069896258391,60,434
476,494,-126,-37,16,506.39609003229873,60,434
370,467,-106,-27,17,489.97653005016474,60,434
304,456,-66,-11,17,462.4943242894987,60,434
234,446,-70,-10,16,462.64024900563936,60,434
196,442,-38,-4,17,448.8295890424338,60,434
156,438,-40,-4,17,449.2705198430006,60,434
135,437,-21,-1,16,442.477118052448,60,434
114,435,-21,-2,17,443.46025752033296,60,434
98,435,-16,0,18,440.6041307114585,60,434
91,435,-7,0,16,439.14120735817994,60,434
83,435,-8,0,16,439.2948895673611,60,434
77,435,-6,0,17,438.98974931084666,60,434
72,435,-5,0,17,438.8405177282517,60,434
68,435,-4,0,16,438.693514882543,60,434
64,434,-4,-1,17,439.682840238279,60,434
62,434,-2,0,16,438.4062043356595,60,434
60,434,-2,0,17,438.4062043356595,60,434
59,434,-1,0,17,438.2659010235681,60,434
59,434,0,0,16,438.1278352262043,60,434
59,434,0,0,71,438.1278352262043,60,434
60,434,1,0,29,437.9920090595261,60,434
61,434,1,0,158,785.8040468208343,753,228
63,434,2,0,9,784.8471188709302,753,228
76,434,13,0,17,774.3280958353506,753,228
107,434,31,0,17,757.1446361165084,753,228
151,440,44,6,16,742.9434702586732,753,228
211,446,60,6,17,727.6901813271909,753,228
256,453,45,7,16,741.6906363167867,753,228
314,464,58,11,17,728.0892802397244,753,228
342,470,28,6,17,758.2275384078317,753,228
378,477,36,7,16,750.2866119024116,753,228
397,477,19,0,17,768.5961228109338,753,228
434,469,37,-8,17,753.8912388401924,753,228
462,456,28,-13,16,764.0065444745876,753,228
503,435,41,-21,17,754.2844291114593,753,228
551,410,48,-25,17,749.0220290485454,753,228
582,395,31,-15,17,761.7959044258508,753,228
599,385,17,-10,16,773.5244016836185,753,228
613,374,14,-11,18,776.6865519628881,753,228
618,364,5,-10,15,784.9509538818334,753,228
620,348,2,-16,17,789.6435904887724,753,228
619,328,-1,-20,17,793.7379920351551,753,228
615,300,-4,-28,16,799.1151356344091,753,228
612,269,-3,-31,17,799.1351575296885,753,228
611,250,-1,-19,17,793.4261150226907,753,228
611,238,0,-12,16,790.3220862407934,753,228
613,224,2,-14,17,789.0278829040201,753,228
626,216,13,-8,17,776.7213142434035,753,228
670,211,44,-5,16,746.3042275104705,753,228
696,211,26,0,17,761.9140371459237,753,228
720,211,24,0,17,763.8226233884409,753,228
735,213,15,2,17,771.8289966048179,753,228
745,216,10,3,16,776.3208099748454,753,228
750,218,5,2,17,781.3961863229177,753,228
752,219,2,1,16,784.5571999542162,753,228
753,219,1,0,18,785.8040468208343,753,228
753,220,0,1,16,786.471868536949,753,228
753,220,0,0,16,786.7610819047927,753,228
753,221,0,1,17,786.471868536949,753,228
753,222,0,1,17,786.471868536949,753,228
753,222,0,0,16,786.7610819047927,753,228
753,223,0,1,18,786.471868536949,753,228
753,223,0,0,16,786.7610819047927,753,228
753,225,0,2,16,786.1838207442328,753,228
753,227,0,2,17,786.1838207442328,753,228
753,228,0,1,16,786.471868536949,753,228
753,227,0,-1,90,1000.9640353179528,835,551
753,228,0,1,194,999.8624905455749,835,551
753,235,0,7,17,996.5746334319372,835,551
753,244,0,9,16,995.4843042459283,835,551
753,269,0,25,17,986.8642257169929,835,551
764,312,11,43,17,968.0082644275305,835,551
780,354,16,42,16,964.283153435753,835,551
802,402,22,48,17,956.0219662748341,835,551
829,448,27,46,17,952.832094337717,835,551
846,476,17,28,16,970.9031877586972,835,551
860,505,14,29,17,972.8951639308318,835,551
864,522,4,17,17,987.7838832457229,835,551
865,539,1,17,16,990.3090426730436,835,551
863,549,-2,10,17,996.6192853843437,835,551
856,558,-7,9,17,1001.363071018699,835,551
852,562,-4,4,17,1001.5637773002776,835,551
848,564,-4,2,16,1002.6574689294445,835,551
845,567,-3,3,17,1001.2731894942558,835,551
844,568,-1,1,16,1000.697756567886,835,551
841,572,-3,4,17,1000.7262362904253,835,551
840,575,-1,3,17,999.599919967984,835,551
840,576,0,1,16,999.8624905455749,835,551
840,577,0,1,17,999.8624905455749,835,551
840,578,0,1,17,999.8624905455749,835,551
840,578,0,0,16,1000.4129147507043,835,551
840,579,0,1,17,999.8624905455749,835,551
840,578,0,-1,58,1000.9640353179528,835,551
840,578,0,0,8,1000.4129147507043,835,551
840,576,0,-2,17,1001.5158510977247,835,551
840,574,0,-2,17,1001.5158510977247,835,551
839,571,-1,-3,17,1002.9017898079552,835,551
839,567,0,-4,17,1002.6215637018785,835,551
838,563,-1,-4,17,1003.4545331005287,835,551
837,558,-1,-5,16,1004.0079680958712,835,551
836,555,-1,-3,16,1002.9017898079552,835,551
836,552,0,-3,17,1002.0683609415079,835,551
835,552,-1,0,18,1001.2477215954102,835,551
835,551,0,-1,15,1000.9640353179528,835,551
835,551,0,0,296,521.402915220082,519,50
832,551,-3,0,7,524.3891684617446,519,50
829,551,-3,0,15,524.3891684617446,519,50
807,550,-22,-1,16,543.3985645914056,519,50
774,537,-33,-13,16,555.5834770761276,519,50
699,486,-75,-51,17,602.5255181318049,519,50
673,460,-26,-26,17,550.2735683276092,519,50
617,371,-56,-89,16,591.5623382197349,519,50
593,310,-24,-61,17,554.2291944674153,519,50
583,264,-10,-46,17,537.6402142697289,519,50
574,216,-9,-48,16,537.0176905838391,519,50
571,192,-3,-24,17,527.2191195319077,519,50
570,172,-1,-20,17,524.6903848937962,519,50
569,158,-1,-14,16,523.9236585610541,519,50
567,150,-2,-8,17,524.218465909014,519,50
565,142,-2,-8,17,524.218465909014,519,50
561,133,-4,-9,17,526.317394734394,519,50
556,125,-5,-8,16,527.2001517450465,519,50
551,116,-5,-9,17,527.3111036191065,519,50
546,107,-5,-9,16,527.3111036191065,519,50
543,101,-3,-6,17,524.995238073642,519,50
538,92,-5,-9,17,527.3111036191065,519,50
537,90,-1,-2,16,522.5935322982863,519,50
535,85,-2,-5,17,523.8950276534413,519,50
534,85,-1,0,17,522.398315464359,519,50
534,85,0,0,16,521.402915220082,519,50
533,85,-1,0,17,522.398315464359,519,50
533,85,0,0,17,521.402915220082,519,50
533,84,0,-1,22,521.4997603067523,519,50
533,84,0,0,11,521.402915220082,519,50
532,83,-1,-1,17,522.4949760524019,519,50
531,81,-1,-2,16,522.5935322982863,519,50
530,79,-1,-2,17,522.5935322982863,519,50
529,76,-1,-3,17,522.6939831297085,519,50
528,74,-1,-2,16,522.5935322982863,519,50
527,71,-1,-3,17,522.6939831297085,519,50
527,69,0,-2,17,521.5985045990834,519,50
526,68,-1,-1,16,522.4949760524019,519,50
526,67,0,-1,17,521.4997603067523,519,50
525,67,-1,0,17,522.398315464359,519,50
525,67,0,0,56,521.402915220082,519,50
525,68,0,1,10,521.3079703975377,519,50
525,69,0,1,17,521.3079703975377,519,50
525,69,0,0,263,521.402915220082,519,50
525,65,0,-4,19,521.8016864671865,519,50
524,61,-1,-4,18,522.7963274545834,519,50
522,57,-2,-4,17,523.7909888495601,519,50
521,53,-1,-4,16,522.7963274545834,519,50
520,51,-1,-2,17,522.5935322982863,519,50
519,50,-1,-1,17,522.4949760524019,519,50
520,50,1,0,236,737.6408340106992,316,667
523,50,3,0,14,736.7889792878284,316,667
537,58,14,8,17,724.9034418458779,316,667
562,76,25,18,16,711.2538224853347,316,667
596,103,34,27,17,699.3740058080512,316,667
633,140,37,37,16,689.0145136352354,316,667
666,191,33,51,18,677.89748487511,316,667
678,224,12,33,16,703.1159221636216,316,667
679,253,1,29,16,711.5258252516207,316,667
667,292,-12,39,18,708.4970006993678,316,667
636,330,-31,38,15,718.366201877566,316,667
573,398,-63,68,17,708.8314327116144,316,667
513,465,-60,67,18,708.079091627482,316,667
469,517,-44,52,16,712.6184112131822,316,667
416,582,-53,65,16,706.0913538629403,316,667
386,620,-30,38,17,717.8836953156131,316,667
357,657,-29,37,17,718.2791936287728,316,667
350,668,-7,11,16,731.2079047712764,316,667
340,681,-10,13,17,730.7475624317881,316,667
336,686,-4,5,17,735.2849787667363,316,667
334,686,-2,0,16,738.9269246684681,316,667
334,686,0,0,17,738.0684250122072,316,667
333,686,-1,0,17,738.4971225400949,316,667
332,685,-1,-1,16,739.4004327832112,316,667
331,685,-1,0,18,738.4971225400949,316,667
330,685,-1,0,16,738.4971225400949,316,667
329,684,-1,-1,16,739.4004327832112,316,667
328,683,-1,-1,17,739.4004327832112,316,667
326,682,-2,-1,17,739.8297101360556,316,667
323,679,-3,-3,16,742.0653610026545,316,667
322,678,-1,-1,17,739.4004327832112,316,667
320,676,-2,-2,17,740.7327453272198,316,667
319,674,-1,-2,17,740.3039916142557,316,667
318,673,-1,-1,17,739.4004327832112,316,667
317,671,-1,-2,16,740.3039916142557,316,667
316,668,-1,-3,16,741.2077981241158,316,667
316,668,0,0,17,738.0684250122072,316,667
316,667,0,-1,17,738.972259289887,316,667
318,667,2,0,235,784.5737696354627,786,30
324,663,6,-4,14,780.7406739756806,786,30
355,645,31,-18,17,756.5242891011497,786,30
407,616,52,-29,18,736.3674354559686,786,30
503,572,96,-44,16,693.9567709879341,786,30
591,527,88,-45,16,702.0178060419835,786,30
652,491,61,-36,17,727.9979395575238,786,30
721,437,69,-54,17,721.9037331943921,786,30
767,387,46,-50,17,744.3117626371358,786,30
795,338,28,-49,16,762.1056357225027,786,30
809,286,14,-52,17,776.342707829474,786,30
816,222,7,-64,17,784.6508777794108,786,30
817,140,1,-82,16,792.9495570337372,786,30
815,61,-2,-79,17,795.5029855380808,786,30
804,10,-11,-51,16,801.1054861876805,786,30
801,0,-3,-10,17,790.0132910274358,786,30
783,1,-18,1,373,804.522839949246,786,30
784,3,1,2,12,785.4992043280503,786,30
784,8,0,5,16,786.3974821933244,786,30
785,12,1,4,15,785.4304552282143,786,30
785,16,0,4,18,786.4299078748213,786,30
785,20,0,4,16,786.4299078748213,786,30
785,23,0,3,17,786.4636037350997,786,30
785,25,0,2,17,786.4985696109053,786,30
786,27,1,2,16,785.4992043280503,786,30
786,28,0,1,17,786.5348053328601,786,30
786,28,0,0,17,786.5723107254667,786,30
786,29,0,1,16,786.5348053328601,786,30
786,29,0,0,17,786.5723107254667,786,30
786,30,0,1,16,786.5348053328601,786,30
786,30,0,0,17,786.5723107254667,786,30
786,30,0,0,17,786.5723107254667,786,30
786,30,0,0,150,838.5254915624212,375,750
786,30,0,0,116,838.5254915624212,375,750
786,36,0,6,6,833.1632493095216,375,750
786,43,0,7,11,832.2703887559619,375,750
786,63,0,20,17,820.6856889211606,375,750
786,83,0,20,16,820.6856889211606,375,750
786,129,0,46,17,797.6471651049729,375,750
784,168,-2,39,17,804.7670470390796,375,750
777,207,-7,39,16,807.121428286971,375,750
759,258,-18,51,17,801.9039842774196,375,750
735,301,-24,43,17,811.8189453320241,375,750
683,377,-52,76,16,797.8753035405971,375,750
627,443,-56,66,17,808.4658310652343,375,750
555,513,-72,70,17,813.7622502918159,375,750
501,556,-54,43,16,826.9764204619138,375,750
471,579,-30,23,17,832.1982936776546,375,750
452,594,-19,15,17,833.9430436186874,375,750
439,603,-13,9,16,836.4358911476719,375,750
430,612,-9,9,17,834.5879222706258,375,750
427,615,-3,3,17,837.1935260141469,375,750
426,617,-1,2,16,837.1857619429513,375,750
426,617,0,0,17,838.5254915624212,375,750
426,618,0,1,133,837.6311837557148,375,750
427,627,1,9,18,830.0343366391537,375,750
429,639,2,12,16,826.9056778133768,375,750
430,652,1,13,16,826.4653652755208,375,750
431,668,1,16,18,823.791235690208,375,750
431,686,0,18,16,822.4651968320605,375,750
430,700,-1,14,16,826.4816997369028,375,750
427,711,-3,11,17,830.0632506020249,375,750
422,718,-5,7,17,834.5351999766098,375,750
417,723,-5,5,16,836.3163277133838,375,750
411,727,-6,4,18,837.6616261952078,375,750
406,729,-5,2,16,838.9898688303691,375,750
401,730,-5,1,17,839.8815392661039,375,750
395,731,-6,1,16,840.334457225217,375,750
391,732,-4,1,17,839.4295682187994,375,750
387,732,-4,0,16,840.3219621073818,375,750
385,732,-2,0,17,839.4218248294477,375,750
382,732,-3,0,17,839.871418730272,375,750
381,732,-1,0,16,838.9731819313416,375,750
381,733,0,1,17,837.6311837557148,375,750
381,734,0,1,17,837.6311837557148,375,750
381,736,0,2,16,836.737115227955,375,750
381,737,0,1,17,837.6311837557148,375,750
381,739,0,2,17,836.737115227955,375,750
380,742,-1,3,16,836.2924129752703,375,750
378,745,-2,3,17,836.7424932438893,375,750
377,748,-1,3,17,836.2924129752703,375,750
376,749,-1,1,16,838.0793518516012,375,750
376,749,0,0,17,838.5254915624212,375,750
375,750,-1,1,17,838.0793518516012,375,750
376,748,1,-2,221,1016.1673090588971,765,668
380,741,4,-7,12,1017.2246556193966,765,668
409,699,29,-42,17,1022.6416772261924,765,668
463,623,54,-76,16,1029.1049509160862,765,668
536,528,73,-95,17,1030.0645610834304,765,668
612,438,76,-90,17,1024.3461329062554,765,668
694,372,82,-66,16,1002.6190702355507,765,668
752,349,58,-23,17,988.600020230629,765,668
801,347,49,-2,17,980.5896185459032,765,668
843,366,42,19,16,971.5606002715425,765,668
874,406,31,40,17,965.9917183910015,765,668
890,454,16,48,17,972.3173350300816,765,668
892,509,2,55,16,978.7430714952725,765,668
879,561,-13,52,17,992.3406673113825,765,668
861,593,-18,32,17,1008.7541821474645,765,668
845,616,-16,23,16,1012.9096702075659,765,668
820,643,-25,27,18,1017.3401594353778,765,668
810,652,-10,9,16,1017.3032979401964,765,668
800,659,-10,7,16,1018.6000196347927,765,668
794,661,-6,2,17,1018.8213778675828,765,668
786,664,-8,3,17,1019.6832841622933,765,668
785,664,-1,0,16,1016.3562367595331,765,668
781,665,-4,1,17,1017.9636535751166,765,668
778,665,-3,0,17,1017.8644310516013,765,668
775,666,-3,1,16,1017.2084348844145,765,668
773,666,-2,0,17,1017.1101218648844,765,668
770,666,-3,0,17,1017.8644310516013,765,668
768,667,-2,1,16,1016.4536388837417,765,668
767,667,-1,0,17,1016.3562367595331,765,668
766,667,-1,0,17,1016.3562367595331,765,668
765,668,-1,1,16,1015.6992665154386,765,668
765,668,0,0,17,1015.602776679938,765,668
765,668,0,0,17,1015.602776679938,765,668
765,668,0,0,16,1015.602776679938,765,668
765,667,0,-1,116,727.8193457170536,136,714
765,667,0,0,171,726.8369830986863,136,714
767,667,2,0,14,726.4654155567215,136,714
769,667,2,0,16,726.4654155567215,136,714
771,667,2,0,17,726.4654155567215,136,714
771,667,0,0,16,726.8369830986863,136,714
763,663,-8,-4,17,732.2977536494292,136,714
719,654,-44,-9,17,745.0697953883247,136,714
665,647,-54,-7,16,745.6145116613544,136,714
551,640,-114,-7,17,763.1127046511544,136,714
478,640,-73,0,17,743.9603484057467,136,714
391,649,-87,9,16,739.4281574297803,136,714
340,661,-51,12,17,726.4798689571514,136,714
289,679,-51,18,17,720.6837031597148,136,714
252,697,-37,18,16,717.1784993988596,136,714
235,709,-17,12,17,718.4796448056131,136,714
214,725,-21,16,17,715.439026053234,136,714
201,736,-13,11,16,718.6167267744329,136,714
191,743,-10,7,17,721.9175853239759,136,714
183,748,-8,5,17,723.4756388434928,136,714
178,749,-5,1,16,726.8080902136409,136,714
174,750,-4,1,17,726.6147534973398,136,714
171,750,-3,0,17,727.4042892367353,136,714
167,750,-4,0,16,727.5960417704318,136,714
164,750,-3,0,17,727.4042892367353,136,714
159,750,-5,0,17,727.7891178081738,136,714
155,750,-4,0,16,727.5960417704318,136,714
149,749,-6,-1,17,728.9643338325957,136,714
142,747,-7,-2,17,730.1403974579135,136,714
135,742,-7,-5,16,733.0825328706175,136,714
129,737,-6,-5,17,732.8881224307022,136,714
126,732,-3,-5,17,732.3127747076381,136,714
124,727,-2,-5,17,732.1236234407411,136,714
123,724,-1,-3,16,729.9712323098768,136,714
123,721,0,-3,17,729.784214682669,136,714
124,719,1,-2,17,728.6158109731081,136,714
127,717,3,-2,17,728.2478973536415,136,714
129,715,2,-2,16,728.4311909851198,136,714
131,714,2,-1,16,727.4482799484786,136,714
133,714,2,0,17,726.4654155567215,136,714
135,714,2,0,17,726.4654155567215,136,714
135,714,0,0,17,726.8369830986863,136,714
136,714,1,0,16,726.6505349891377,136,714
136,714,0,0,129,854.1808941904519,765,380
139,714,3,0,4,851.4951555939705,765,380
144,714,5,0,17,849.7058314499201,765,380
178,712,34,-2,17,824.7939136535865,765,380
211,708,33,-4,16,826.6075247661371,765,380
254,701,43,-7,17,819.1782467814926,765,380
286,697,32,-4,16,827.4932023889985,765,380
326,690,40,-7,17,821.8235820417908,765,380
348,686,22,-4,18,836.3641551381791,765,380
366,681,18,-5,15,840.3772962187877,765,380
381,670,15,-11,17,845.8019862828415,765,380
395,652,14,-18,17,849.9441158099748,765,380
410,628,15,-24,16,851.889664217145,765,380
425,610,15,-18,17,849.0606574326713,765,380
450,589,25,-21,17,841.6656105603935,765,380
494,568,44,-21,17,825.010302965969,765,380
524,560,30,-8,16,831.1251409986345,765,380
585,550,61,-10,17,804.8080516495843,765,380
639,546,54,-4,17,808.0699227170876,765,380
687,544,48,-2,16,812.4118413711114,765,380
708,542,21,-2,17,836.3372525482768,765,380
729,540,21,-2,17,836.3372525482768,765,380
736,537,7,-3,16,849.266153805743,765,380
742,535,6,-2,18,849.7087736395335,765,380
745,532,3,-3,16,852.8382027090485,765,380
747,527,2,-5,16,854.6309144888219,765,380
747,522,0,-5,17,856.4169545262401,765,380
747,508,0,-14,17,860.5004357930331,765,380
747,486,0,-22,16,864.1926868470943,765,380
749,464,2,-22,18,862.4227501637465,765,380
753,433,4,-31,16,864.8942131844796,765,380
756,414,3,-19,16,860.1424300660908,765,380
757,401,1,-13,17,859.1536533123747,765,380
759,387,2,-14,17,858.7228889461372,765,380
760,382,1,-5,16,855.5238161500824,765,380
761,378,1,-4,17,855.0742657804642,765,380
761,376,0,-2,17,855.0725115450736,765,380
762,374,1,-2,16,854.1779674049196,765,380
763,373,1,-1,17,853.7312223410831,765,380
763,372,0,-1,17,854.6262340930098,765,380
764,372,1,0,16,853.2854153212745,765,380
764,372,0,0,17,854.1808941904519,765,380
765,372,1,0,17,853.2854153212745,765,380
765,372,0,0,17,854.1808941904519,765,380
765,373,0,1,16,853.7364933045793,765,380
765,373,0,0,17,854.1808941904519,765,380
765,375,0,2,17,853.2930329025311,765,380
765,376,0,1,17,853.7364933045793,765,380
765,377,0,1,16,853.7364933045793,765,380
765,379,0,2,17,853.2930329025311,765,380
765,380,0,1,13,853.7364933045793,765,380
765,380,0,0,3,854.1808941904519,765,380
765,381,0,1,251,887.0817324237942,833,306
760,388,-5,7,16,889.7443453037507,833,306
754,394,-6,6,16,891.0224464063742,833,306
749,398,-5,4,17,890.7569814489248,833,306
745,401,-4,3,17,890.1561660742457,833,306
742,402,-3,1,16,889.899432520327,833,306
742,402,0,0,18,887.4260532573968,833,306
744,395,2,-7,16,887.9921170821282,833,306
758,382,14,-13,16,878.9323068359702,833,306
780,364,22,-18,17,873.3252544155586,833,306
805,342,25,-22,17,872.0366964755555,833,306
819,329,14,-13,16,878.9323068359702,833,306
826,321,7,-8,17,883.6696215215277,833,306
832,315,6,-6,17,883.8964871522004,833,306
833,312,1,-3,16,887.5274643637796,833,306
834,310,1,-2,17,887.1798013931561,833,306
834,309,0,-1,17,887.771366963364,833,306
834,309,0,0,16,887.4260532573968,833,306
834,308,0,-1,17,887.771366963364,833,306
834,308,0,0,16,887.4260532573968,833,306
834,308,0,0,31,887.4260532573968,833,306
834,308,0,0,37,887.4260532573968,833,306
834,307,0,-1,16,887.771366963364,833,306
833,307,-1,0,17,888.3647899371068,833,306
833,306,0,-1,17,887.771366963364,833,306
833,306,0,0,16,887.4260532573968,833,306
833,307,0,1,140,749.7946385511169,544,517
833,307,0,0,10,750.483177692878,544,517
833,309,0,2,17,749.1068014642505,544,517
833,311,0,2,16,749.1068014642505,544,517
833,312,0,1,17,749.7946385511169,544,517
833,313,0,1,17,749.7946385511169,544,517
833,313,0,0,69,750.483177692878,544,517
831,313,-2,0,15,751.9341726507713,544,517
814,319,-17,6,16,758.8425396615559,544,517
731,360,-83,41,16,787.2134399259199,544,517
682,391,-49,31,18,766.7105059929726,544,517
618,433,-64,42,16,771.5497391613842,544,517
586,458,-32,25,17,757.5222769001582,544,517
567,474,-19,16,16,753.6378440603949,544,517
556,486,-11,12,17,750.3665770808292,544,517
548,496,-8,10,16,749.5018345541257,544,517
545,502,-3,6,17,748.5519354059543,544,517
545,504,0,2,18,749.1068014642505,544,517
544,506,-1,2,16,749.8333148106984,544,517
544,507,0,1,16,749.7946385511169,544,517
544,508,0,1,17,749.7946385511169,544,517
544,509,0,1,18,749.7946385511169,544,517
544,510,0,1,15,749.7946385511169,544,517
544,510,0,0,17,750.483177692878,544,517
544,511,0,1,17,749.7946385511169,544,517
544,512,0,1,16,749.7946385511169,544,517
544,512,0,0,17,750.483177692878,544,517
544,514,0,2,17,749.1068014642505,544,517
544,514,0,0,16,750.483177692878,544,517
544,516,0,2,17,749.1068014642505,544,517
544,516,0,0,16,750.483177692878,544,517
544,517,0,1,17,749.7946385511169,544,517
544,517,0,0,17,750.483177692878,544,517
544,517,0,0,199,781.184997295775,745,235
544,519,0,2,7,780.5856775524388,745,235
544,520,0,1,10,780.8847546213206,745,235
544,525,0,5,17,779.6954533662487,745,235
544,530,0,5,17,779.6954533662487,745,235
544,534,0,4,16,779.9910255893974,745,235
544,536,0,2,18,780.5856775524388,745,235
544,536,0,0,16,781.184997295775,745,235
544,535,0,-1,16,781.486404232345,745,235
558,517,14,-18,17,773.5437932011348,745,235
576,485,18,-32,17,774.4791798363594,745,235
598,443,22,-42,16,774.2467307002336,745,235
623,392,25,-51,17,774.7231763668879,745,235
664,306,41,-86,18,773.729280821141,745,235
692,250,28,-56,15,773.802300332585,745,235
710,221,18,-29,17,773.4500630292818,745,235
725,199,15,-22,17,773.9179543078194,745,235
739,181,14,-18,16,773.5437932011348,745,235
751,171,12,-10,17,772.8609189239678,745,235
761,167,10,-4,17,772.8816209485124,745,235
766,167,5,0,16,776.418057492225,745,235
771,167,5,0,17,776.418057492225,745,235
775,167,4,0,17,777.3712111983566,745,235
778,170,3,3,16,777.423951264688,745,235
780,173,2,3,17,778.3784426614087,745,235
781,178,1,5,17,778.740007961579,745,235
782,183,1,5,16,778.740007961579,745,235
782,187,0,4,17,779.9910255893974,745,235
782,191,0,4,17,779.9910255893974,745,235
782,195,0,4,16,779.9910255893974,745,235
782,197,0,2,17,780.5856775524388,745,235
780,200,-2,3,17,782.1975453809606,745,235
777,203,-3,3,16,783.1526032645235,745,235
773,207,-4,4,17,783.8124775735585,745,235
768,212,-5,5,17,784.4743462982075,745,235
765,216,-3,4,16,782.8569473409558,745,235
760,220,-5,4,17,784.7681186184872,745,235
756,224,-4,4,16,783.8124775735585,745,235
753,227,-3,3,17,783.1526032645235,745,235
751,229,-2,2,17,782.4947284167479,745,235
749,231,-2,2,17,782.4947284167479,745,235
747,232,-2,1,16,782.7930761063233,745,235
746,234,-1,2,18,781.5401461217459,745,235
746,235,0,1,16,780.8847546213206,745,235
746,235,0,0,15,781.184997295775,745,235
745,235,-1,0,2,782.1387344966365,745,235
745,236,0,1,266,958.18839483684,958,20
745,241,0,5,17,958.1174249537476,958,20
747,246,2,5,16,956.1176705824446,958,20
749,250,2,4,17,956.1338818387308,958,20
755,256,6,6,17,952.102935611481,958,20
763,260,8,4,16,950.1347272887145,958,20
779,260,16,0,17,942.2122903040482,958,20
805,247,26,-13,17,932.5840444699877,958,20
839,217,34,-30,16,925.3518249833411,958,20
881,170,42,-47,18,918.4470588988785,958,20
938,86,57,-84,15,906.982359255129,958,20
966,35,28,-51,17,932.7062774528753,958,20
981,5,15,-30,17,944.3246263864985,958,20
969,0,-12,-5,342,970.3221114660843,958,20
968,2,-1,2,25,959.1689110891783,958,20
967,4,-1,2,17,959.1689110891783,958,20
965,6,-2,2,16,960.1687351710635,958,20
964,8,-1,2,17,959.1689110891783,958,20
963,11,-1,3,17,959.1506659539991,958,20
962,13,-1,2,16,959.1689110891783,958,20
960,14,-2,1,17,960.1880024245252,958,20
960,16,0,2,16,958.1690873744571,958,20
959,17,-1,1,17,959.1881984261482,958,20
958,18,-1,1,17,959.1881984261482,958,20
958,19,0,1,17,958.18839483684,958,20
958,20,0,1,16,958.18839483684,958,20
958,20,0,0,268,1140.9368957133431,1051,444
958,24,0,4,15,1139.3862382879652,1051,444
955,53,-3,29,17,1132.7581383508132,1051,444
951,91,-4,38,17,1130.425141263233,1051,444
951,137,0,46,16,1123.8349522950423,1051,444
956,186,5,49,17,1118.09704408875,1051,444
971,226,15,40,17,1111.9856114177016,1051,444
996,269,25,43,16,1101.5793207935596,1051,444
1023,308,27,39,17,1101.1816380597709,1051,444
1040,336,17,28,17,1114.5456473379634,1051,444
1054,359,14,23,16,1119.2006075766758,1051,444
1064,380,10,21,18,1123.6592010035783,1051,444
1067,397,3,17,16,1131.6505644411618,1051,444
1068,410,1,13,16,1135.0158589200416,1051,444
1068,417,0,7,18,1138.2310837435427,1051,444
1065,423,-3,6,16,1141.3851234355564,1051,444
1064,426,-1,3,16,1140.6949636077122,1051,444
1062,428,-2,2,17,1142.0039404485433,1051,444
1062,428,0,0,17,1140.9368957133431,1051,444
1062,429,0,1,16,1140.5481138470223,1051,444
1061,429,-1,0,17,1141.8581347960876,1051,444
1059,431,-2,2,17,1142.0039404485433,1051,444
1058,433,-1,2,16,1141.0819427192773,1051,444
1056,436,-2,3,17,1141.6172738707137,1051,444
1055,437,-1,1,17,1141.4696667016606,1051,444
1054,438,-1,1,18,1141.4696667016606,1051,444
1053,439,-1,1,16,1141.4696667016606,1051,444
1053,440,0,1,16,1140.5481138470223,1051,444
1052,441,-1,1,17,1141.4696667016606,1051,444
1052,442,0,1,16,1140.5481138470223,1051,444
1051,442,-1,0,17,1141.8581347960876,1051,444
1051,443,0,1,16,1140.5481138470223,1051,444
1051,443,0,0,17,1140.9368957133431,1051,444
1051,444,0,1,14,1140.5481138470223,1051,444
1051,444,0,0,3,1140.9368957133431,1051,444
1050,444,-1,0,308,788.0228423085209,773,148
1016,431,-34,-13,25,822.9033965174771,773,148
968,414,-48,-17,17,837.4162644706634,773,148
900,383,-68,-31,16,859.83835690204,773,148
840,349,-60,-34,18,852.6505732127317,773,148
805,321,-35,-28,16,826.9461893013354,773,148
770,288,-35,-33,16,828.0247580839597,773,148
756,272,-14,-16,17,803.9060890427438,773,148
749,263,-7,-9,17,795.6437645077099,773,148
745,256,-4,-7,16,792.3092830454532,773,148
743,253,-2,-3,17,789.5733024868558,773,148
743,251,0,-2,17,787.4192022042643,773,148
743,249,0,-2,16,787.4192022042643,773,148
743,247,0,-2,17,787.4192022042643,773,148
744,243,1,-4,17,786.8214536983597,773,148
746,237,2,-6,16,786.2296102284624,773,148
749,229,3,-8,17,785.6436851397713,773,148
751,219,2,-10,17,787.0228713322123,773,148
754,209,3,-10,17,786.0432558072107,773,148
755,199,1,-10,16,788.0025380669786,773,148
756,190,1,-9,17,787.8026402596021,773,148
757,186,1,-4,16,786.8214536983597,773,148
758,180,1,-6,17,787.210264160726,773,148
759,176,1,-4,17,786.8214536983597,773,148
759,173,0,-3,16,787.6103097344524,773,148
761,171,2,-2,18,785.4559185594059,773,148
770,166,9,-5,16,779.1694295851191,773,148
770,164,0,-2,221,787.4192022042643,773,148
770,162,0,-2,12,787.4192022042643,773,148
770,158,0,-4,17,787.8026402596021,773,148
770,153,0,-5,17,787.9961928842042,773,148
771,149,1,-4,16,786.8214536983597,773,148
771,147,0,-2,17,787.4192022042643,773,148
772,146,1,-1,16,786.2474165299368,773,148
772,146,0,0,17,787.0406596866518,773,148
772,146,0,0,17,787.0406596866518,773,148
773,146,1,0,17,786.0585219943869,773,148
773,147,0,1,16,786.853226466029,773,148
773,148,0,1,17,786.853226466029,773,148
774,148,1,0,232,671.4759861677854,249,624
777,148,3,0,7,670.7398899722604,249,624
779,148,2,0,11,671.107293955296,249,624
785,148,6,0,16,669.6454285664914,249,624
791,151,6,3,17,666.8508079023374,249,624
799,158,8,7,17,662.3971618296684,249,624
808,167,9,9,17,660.1704325399616,249,624
814,176,6,9,16,661.2669657558889,249,624
817,184,3,8,17,663.3038519411748,249,624
817,198,0,14,16,658.8634152842302,249,624
813,213,-4,15,17,659.4619018563544,249,624
790,244,-23,31,17,652.4055487195062,249,624
710,322,-80,78,17,637.4613713786899,249,624
637,372,-73,50,16,658.1489193184169,249,624
558,416,-79,44,17,666.3212438456394,249,624
466,459,-92,43,17,673.6779646092041,249,624
370,507,-96,48,16,671.4171579577037,249,624
301,548,-69,41,17,664.0880965655084,249,624
250,583,-51,35,16,661,249,624
217,609,-33,26,17,661.1565623965325,249,624
201,621,-16,12,17,666.9100389107964,249,624
189,630,-12,9,16,668.09131112446,249,624
185,632,-4,2,17,671.4856662654832,249,624
183,632,-2,0,17,672.5897709599813,249,624
183,631,0,-1,16,672.774850897386,249,624
183,626,0,-5,17,676.4924242000054,249,624
188,620,5,-6,17,675.6004736528831,249,624
196,612,8,-8,16,676.3911590196903,249,624
209,604,13,-8,17,674.6258222155449,249,624
217,602,8,-2,17,670.7883421765766,249,624
221,602,4,0,16,670.3737763367538,249,624
226,603,5,1,17,669.07772343727,249,624
229,605,3,2,17,668.8796603276257,249,624
232,607,3,2,17,668.8796603276257,249,624
233,608,1,1,16,670.5467918050164,249,624
234,609,1,1,17,670.5467918050164,249,624
235,610,1,1,16,670.5467918050164,249,624
236,610,1,0,17,671.4759861677854,249,624
237,611,1,1,17,670.5467918050164,249,624
239,613,2,2,16,669.2480855407806,249,624
241,615,2,2,17,669.2480855407806,249,624
244,617,3,2,17,668.8796603276257,249,624
246,621,2,4,16,667.3896912599115,249,624
248,623,2,2,17,669.2480855407806,249,624
249,624,1,1,17,670.5467918050164,249,624
250,624,1,0,244,187.52333188166213,102,158
255,624,5,0,6,185.39956850003725,102,158
263,622,8,-2,16,185.5693940282179,102,158
311,605,48,-17,17,183.14202139323461,102,158
382,575,71,-30,17,190.53870997778904,102,158
431,552,49,-23,16,188.6001060445089,102,158
448,542,17,-10,17,188.27904822364064,102,158
468,527,20,-15,17,191.44973230589798,102,158
474,512,6,-15,17,197.85095400325974,102,158
467,492,-7,-20,16,208.72230355187247,102,158
419,453,-48,-39,17,247.6065427245411,102,158
339,411,-80,-42,16,270.4144966528237,102,158
266,383,-73,-28,17,255.38402455909414,102,158
176,355,-90,-28,17,267.3200329193456,102,158
130,344,-46,-11,16,224.64416306683776,102,158
103,336,-27,-8,17,210.23082552280482,102,158
88,331,-15,-5,17,200.6439632782407,102,158
77,327,-11,-4,17,197.51708786836647,102,158
73,322,-4,-5,16,194.4350791395421,102,158
72,319,-1,-3,17,191.12822920751398,102,158
72,315,0,-4,16,191.43667360252581,102,158
72,312,0,-3,17,190.59118552545917,102,158
73,308,1,-4,17,190.90573590125572,102,158
75,302,2,-6,16,192.0833152566875,102,158
79,295,4,-7,17,191.9088325221119,102,158
86,282,7,-13,17,195.616972678753,102,158
94,268,8,-14,16,196.01020381602586,102,158
103,249,9,-19,17,199.9449924354196,102,158
113,228,10,-21,17,201.25854019146615,102,158
119,212,6,-16,16,198.72594194015034,102,158
123,197,4,-15,18,198.82907232092595,102,158
125,188,2,-9,16,194.65096968677037,102,158
125,180,0,-8,16,194.83326204732086,102,158
124,174,-1,-6,17,193.6620768245554,102,158
123,173,-1,-1,17,189.44656238633627,102,158
121,171,-2,-2,16,190.829767070025,102,158
118,170,-3,-1,18,190.541334098405,102,158
116,170,-2,0,16,189.15602025840997,102,158
114,170,-2,0,16,189.15602025840997,102,158
113,170,-1,0,17,188.60805921274945,102,158
112,170,-1,0,17,188.60805921274945,102,158
111,168,-1,-2,16,190.2866259094422,102,158
110,166,-1,-2,17,190.2866259094422,102,158
110,164,0,-2,17,189.74720024284943,102,158
109,161,-1,-3,17,191.12822920751398,102,158
107,159,-2,-2,17,190.829767070025,102,158
106,158,-1,-1,16,189.44656238633627,102,158
104,156,-2,-2,17,190.829767070025,102,158
103,156,-1,0,16,188.60805921274945,102,158
102,156,-1,0,18,188.60805921274945,102,158
102,156,0,0,24,188.06381895516213,102,158
102,157,0,1,9,187.22446421341417,102,158
102,157,0,0,16,188.06381895516213,102,158
102,158,0,1,16,187.22446421341417,102,158
102,158,0,0,17,188.06381895516213,102,158
102,158,0,0,339,1244.1450880021991,1141,496
104,158,2,0,11,1242.311152650575,1141,496
109,159,5,1,17,1239.1614099866085,1141,496
115,161,6,2,17,1237.8453053592764,1141,496
129,168,14,7,16,1228.5153641692887,1141,496
157,184,28,16,17,1212.0928182280431,1141,496
191,204,34,20,16,1205,1141,496
281,254,90,50,17,1141.7166899016586,1141,496
394,301,113,47,17,1121.7776071931548,1141,496
500,338,106,37,16,1132.2128775102321,1141,496
616,371,116,33,17,1124.7195205916896,1141,496
729,397,113,26,17,1130.346849422778,1141,496
789,409,60,12,16,1184.4057581758036,1141,496
832,418,43,9,17,1201.1548609567378,1141,496
858,424,26,6,17,1217.9183059630889,1141,496
882,433,24,9,16,1218.5474959967707,1141,496
897,439,15,6,17,1227.9967426666897,1141,496
907,444,10,5,17,1232.9809406475024,1141,496
915,450,8,6,16,1234.418486575764,1141,496
923,454,8,4,18,1235.2137466851639,1141,496
932,459,9,5,16,1233.8982940258893,1141,496
942,462,10,3,16,1233.7787483985935,1141,496
954,464,12,2,17,1232.34613644057,1141,496
977,465,23,1,17,1222.6810704349684,1141,496
989,465,12,0,16,1233.149220491989,1141,496
1004,465,15,0,17,1230.403185951662,1141,496
1022,465,18,0,17,1227.6583400930408,1141,496
1044,467,22,2,16,1223.1913178239943,1141,496
1061,473,17,6,17,1226.1631212852553,1141,496
1076,479,15,6,18,1227.9967426666897,1141,496
1090,484,14,5,15,1229.3128161700747,1141,496
1103,488,13,4,17,1230.6291074080768,1141,496
1111,490,8,2,17,1236.0117313359126,1141,496
1120,492,9,2,16,1235.095138035933,1141,496
1126,492,6,0,17,1238.644823991123,1141,496
1131,492,5,0,17,1239.5612126877802,1141,496
1135,492,4,0,17,1240.4777305538378,1141,496
1138,492,3,0,16,1241.3943773032001,1141,496
1140,493,2,1,17,1241.9122352243737,1141,496
1140,494,0,1,17,1243.7467587897465,1141,496
1141,494,1,0,16,1243.2280563114718,1141,496
1141,495,0,1,17,1243.7467587897465,1141,496
1141,495,0,0,17,1244.1450880021991,1141,496
1141,496,0,1,16,1243.7467587897465,1141,496
1141,496,0,0,355,1400.7701453129275,1379,246
1140,496,-1,0,12,1401.754614759659,1379,246
1138,496,-2,0,16,1402.739106177624,1379,246
1138,494,0,-2,17,1401.1227640717284,1379,246
1138,481,0,-13,17,1403.1115422517198,1379,246
1167,451,29,-30,16,1377.9245262350184,1379,246
1211,422,44,-29,17,1363.029713542592,1379,246
1211,421,0,-1,259,1400.946108884992,1379,246
1215,408,4,-13,24,1399.1804744206518,1379,246
1227,379,12,-29,18,1394.386603492733,1379,246
1237,354,10,-25,16,1395.5651185093443,1379,246
1251,319,14,-35,16,1393.6233350514765,1379,246
1260,297,9,-22,17,1395.9670483217,1379,246
1266,281,6,-16,17,1397.774302239099,1379,246
1271,268,5,-13,16,1398.197768557796,1379,246
1281,253,10,-15,17,1393.6577772179223,1379,246
1288,250,7,-3,17,1394.4120624836835,1379,246
1290,250,2,0,164,1398.8012725187234,1379,246
1296,250,6,0,8,1394.8637926335316,1379,246
1303,249,7,-1,11,1394.0563116316357,1379,246
1320,249,17,0,17,1384.0375717443512,1379,246
1341,247,21,-2,16,1380.459343841752,1379,246
1357,247,16,0,17,1385.0216604804418,1379,246
1370,247,13,0,17,1387.9740631582422,1379,246
1376,247,6,0,16,1394.8637926335316,1379,246
1378,247,2,0,17,1398.8012725187234,1379,246
1379,247,1,0,17,1399.7856978837867,1379,246
1379,247,0,0,16,1400.7701453129275,1379,246
1379,247,0,0,50,1400.7701453129275,1379,246
1379,247,0,0,32,1400.7701453129275,1379,246
1379,246,0,-1,8,1400.946108884992,1379,246
1379,246,0,0,10,1400.7701453129275,1379,246