dx,dy,dt,d,targetX,targetY
0,0,0,966.484867962246,963,82
24,30,18,940.4387274033328,963,82
24,22,15,940.914980218723,963,82
23,14,18,942.4563650376605,963,82
41,10,16,924.8070068938708,963,82
45,0,19,921.65503307908,963,82
81,-7,16,886.4789901627674,963,82
106,-11,18,862.031321936738,963,82
81,0,15,885.803589967889,963,82
36,0,16,930.6196860157214,963,82
72,14,18,893.5910697852794,963,82
28,8,22,937.9237708897243,963,82
26,10,10,939.7622039643859,963,82
10,4,18,956.1866972511174,963,82
8,5,16,958.09915979506,963,82
0,1,18,966.4005380793204,963,82
-2,0,134,968.4776713998109,963,82
-2,0,15,968.4776713998109,963,82
-3,-1,15,969.5591781835702,963,82
-4,-2,20,970.6415404257125,963,82
-3,-3,14,969.732437324853,963,82
-3,-3,18,969.732437324853,963,82
-3,-4,16,969.8206019671886,963,82
-2,-4,18,968.82454551895,963,82
-2,-3,17,968.7362902255701,963,82
-1,-2,16,967.6528303064069,963,82
0,-1,17,966.5702250742054,963,82
0,-1,16,966.5702250742054,963,82
-1,0,15,967.4812659684941,963,82
0,0,263,1251.9400944134668,1073,645
0,1,8,1251.4251875361947,1073,645
0,1,15,1251.4251875361947,1073,645
0,4,16,1249.8839946171004,1073,645
0,5,17,1249.371441965919,1073,645
-2,5,16,1251.0895251739582,1073,645
-7,10,17,1252.8467583866752,1073,645
-3,4,15,1252.4603786148286,1073,645
-9,27,18,1246.0529683765453,1073,645
-4,37,15,1236.7671567437421,1073,645
8,43,19,1223.3678923365612,1073,645
27,47,17,1204.8734373368848,1073,645
43,51,16,1189.006307804967,1073,645
46,52,17,1185.908090873825,1073,645
43,49,16,1190.0067226700864,1073,645
23,30,14,1216.850442741424,1073,645
22,35,21,1215.1958689857368,1073,645
10,22,13,1232.1111962805955,1073,645
7,33,19,1229.186723000212,1073,645
0,14,15,1244.7851220190576,1073,645
-5,24,19,1244.0759623109836,1073,645
-3,4,14,1252.4603786148286,1073,645
-10,9,20,1255.9398870965122,1073,645
-3,1,12,1253.998405102654,1073,645
-12,1,21,1261.7293687633653,1073,645
-7,-4,14,1260.0003968253343,1073,645
-4,-2,19,1256.398822030648,1073,645
-5,-3,16,1257.7710443478973,1073,645
-6,-1,16,1257.5996978371138,1073,645
-5,0,18,1256.2280843859526,1073,645
-5,2,13,1255.2023741214005,1073,645
-5,3,17,1254.690400058915,1073,645
-4,4,20,1253.319592123254,1073,645
-3,4,14,1252.4603786148286,1073,645
-3,5,16,1251.948880745536,1073,645
-2,5,19,1251.0895251739582,1073,645
-2,6,14,1250.5782662432607,1073,645
-1,5,18,1250.230378770249,1073,645
-2,6,17,1250.5782662432607,1073,645
-2,10,19,1248.5391463626602,1073,645
-1,3,13,1251.2553696188481,1073,645
-2,6,19,1250.5782662432607,1073,645
-1,2,18,1251.76874861134,1073,645
0,2,15,1250.9108681277016,1073,645
0,1,18,1251.4251875361947,1073,645
0,0,15,1251.9400944134668,1073,645
-1,0,28,1252.7972701119684,1073,645
0,0,188,586.4912616569833,586,24
0,-1,19,586.5330340228077,586,24
0,0,16,586.4912616569833,586,24
0,-1,77,586.5330340228077,586,24
0,0,8,586.4912616569833,586,24
-2,-2,15,588.5745492288976,586,24
-8,-7,16,594.8083725032794,586,24
-23,-25,17,610.9680842728203,586,24
-71,-84,17,665.8175425745404,586,24
-59,-75,17,652.5534460869853,586,24
-65,-89,17,660.7344398470539,586,24
-42,-56,16,633.0750350471893,586,24
-53,-71,15,646.0232193969501,586,24
-33,-39,18,622.1977177714492,586,24
-40,-49,16,630.2420170061656,586,24
-29,-33,15,617.635815023708,586,24
-21,-26,21,609.0558266694442,586,24
-11,-16,14,598.3385329393386,586,24
-9,-14,18,596.2122105425215,586,24
-4,-6,14,590.7622195096772,586,24
-4,-6,19,590.7622195096772,586,24
-2,-3,18,588.6195715400568,586,24
-1,0,15,587.4904254538963,586,24
0,-1,17,586.5330340228077,586,24
-1,0,16,587.4904254538963,586,24
0,-1,15,586.5330340228077,586,24
-1,-1,18,587.5321267811659,586,24
-3,-3,17,589.6185207403173,586,24
-1,-2,18,587.5755270601389,586,24
-1,-2,15,587.5755270601389,586,24
-1,-2,15,587.5755270601389,586,24
0,-2,19,586.5765082237781,586,24
-1,-2,17,587.5755270601389,586,24
0,-2,17,586.5765082237781,586,24
-1,0,14,587.4904254538963,586,24
2,0,312,943.1659451019211,933,151
6,2,7,938.8982905512183,933,151
6,3,15,938.7401131303594,933,151
30,8,19,914.2527002968053,933,151
54,15,16,889.4588242296549,933,151
33,9,15,911.1333601619468,933,151
107,32,19,834.5280103148126,933,151
43,14,15,900.4826483614218,933,151
43,16,17,900.1805374479055,933,151
19,8,18,925.1189112757344,933,151
10,5,15,934.4757888784492,933,151
7,4,17,937.5953284866558,933,151
2,4,17,942.5338190218959,933,151
0,2,13,944.8227346968318,933,151
-2,2,20,946.7977608761017,933,151
-3,1,18,947.9430362632556,933,151
-3,2,14,947.7853132434581,933,151
-2,0,16,947.1145654037847,933,151
-1,0,17,946.1273698609506,933,151
-2,0,20,947.1145654037847,933,151
0,0,14,945.1402012400065,933,151
-1,0,16,946.1273698609506,933,151
0,0,20,945.1402012400065,933,151
-1,0,14,946.1273698609506,933,151
-2,0,323,578.5637389259717,158,556
-5,4,11,575.5632024374039,158,556
-13,8,15,574.0601013831217,158,556
-20,9,20,575.2329962719455,158,556
-51,24,15,571.5811403466703,158,556
-93,38,17,575.6083738098326,158,556
-85,31,15,578.5101554856233,158,556
-118,49,19,577.2564421468157,158,556
-87,39,17,572.1136250780959,158,556
-36,19,15,570.9684754870448,158,556
-92,54,18,560.8065620158167,158,556
-29,20,17,567.6838909111302,158,556
-30,21,17,567.0705423490097,158,556
-16,13,16,570.1973342624464,158,556
-18,12,17,571.7621883265804,158,556
-12,11,14,570.8984147814741,158,556
-10,8,16,573.1736211655243,158,556
-6,6,18,573.9303093582007,158,556
-5,4,16,575.5632024374039,158,556
-4,4,17,575.2808010006939,158,556
-6,5,16,574.8886848773421,158,556
-4,3,18,576.2404012215735,158,556
-4,5,15,574.3213386249896,158,556
-6,4,21,575.8472019555187,158,556
-2,2,14,576.6420033261538,158,556
-6,5,19,574.8886848773421,158,556
-1,1,14,577.3265973433062,158,556
-5,3,17,576.5223326116691,158,556
-3,2,18,576.9202717880522,158,556
-3,1,16,577.8806105070493,158,556
-1,0,17,578.2879905375868,158,556
-1,0,15,578.2879905375868,158,556
-1,0,18,578.2879905375868,158,556
0,0,16,578.013840664737,158,556
1,0,174,1099.6931390165166,1070,258
3,-1,8,1097.9845171950285,1070,258
17,-10,20,1086.5693719224741,1070,258
28,-18,15,1077.9332075782804,1070,258
45,-26,18,1063.6169423246322,1070,258
52,-28,16,1057.4119348673912,1070,258
33,-16,17,1072.5879917284176,1070,258
38,-16,15,1067.7546534667972,1070,258
18,-8,19,1085.1082895269026,1070,258
26,-11,13,1078.0987895364692,1070,258
28,-11,21,1076.1621625015441,1070,258
21,-6,15,1081.7102199757567,1070,258
84,-26,17,1026.0857663957727,1070,258
88,-17,17,1019.77889760477,1070,258
121,-13,16,986.9356615301729,1070,258
135,-1,15,970.2092557793911,1070,258
119,1,19,985.1142065770852,1070,258
42,4,16,1058.9145385724005,1070,258
62,2,17,1040,1070,258
25,0,16,1076.3777218058724,1070,258
17,-4,17,1085.1050640375797,1070,258
7,-7,17,1095.533659911917,1070,258
2,-8,16,1100.627093978701,1070,258
0,-14,18,1104.0307966719045,1070,258
-7,-14,16,1110.816366462072,1070,258
-8,-13,14,1111.5417221139294,1070,258
-8,-13,19,1111.5417221139294,1070,258
-7,-10,17,1109.8436826868908,1070,258
-2,-3,16,1103.3154580626522,1070,258
-7,-6,18,1108.8845746965733,1070,258
-3,-1,14,1103.8161078730461,1070,258
-11,-2,18,1111.827774432713,1070,258
-8,0,17,1108.4439543792912,1070,258
-8,0,17,1108.4439543792912,1070,258
-8,0,16,1108.4439543792912,1070,258
-5,0,17,1105.52657136769,1070,258
-5,0,15,1105.52657136769,1070,258
-5,0,19,1105.52657136769,1070,258
-2,0,17,1102.6096317373615,1070,258
-2,-1,16,1102.8440506254726,1070,258
-2,0,14,1102.6096317373615,1070,258
-1,0,20,1101.637417665177,1070,258
0,0,14,1100.6652533808815,1070,258
-1,-1,2,1101.872043387979,1070,258
0,0,227,1054.0270395013592,997,342
-3,0,8,1056.8651758857418,997,342
-3,0,16,1056.8651758857418,997,342
-11,2,15,1063.7969731109408,997,342
-45,17,17,1091.5076729001955,997,342
-16,7,15,1066.955481732954,997,342
-25,14,19,1073.3443063621291,997,342
-12,8,16,1062.843826721499,997,342
-9,7,16,1060.3117466104013,997,342
-2,2,15,1055.2729504730044,997,342
-2,8,18,1053.3551158085293,997,342
7,5,18,1045.7863070436522,997,342
11,4,14,1042.324325725923,997,342
13,5,18,1040.108167451828,997,342
7,2,18,1046.7568963231147,997,342
7,3,16,1046.4325109628428,997,342
3,1,18,1050.8648818949084,997,342
2,0,16,1052.1354475541634,997,342
1,1,13,1052.7568570187516,997,342
0,0,18,1054.0270395013592,997,342
1,0,20,1053.0811934509134,997,342
0,0,15,1054.0270395013592,997,342
1,-1,17,1053.406379323763,997,342
0,0,15,1054.0270395013592,997,342
1,-1,17,1053.406379323763,997,342
0,0,19,1054.0270395013592,997,342
0,0,16,1054.0270395013592,997,342
1,0,49,1053.0811934509134,997,342
-1,0,183,855.6003740064634,603,606
-5,1,18,857.7231488073527,603,606
-9,4,17,858.4567548805239,603,606
-14,7,16,859.9360441335158,603,606
-18,10,17,860.7305037002,603,606
-20,11,15,861.4836040227348,603,606
-18,11,18,860.0383712370048,603,606
-18,10,17,860.7305037002,603,606
-17,11,15,859.3165889240123,603,606
-17,10,18,860.0093022752719,603,606
-20,13,17,860.1034821461892,603,606
-32,20,17,864.0723349349868,603,606
-14,9,16,858.5441165135313,603,606
-39,27,18,864.5258816252987,603,606
-28,22,15,859.7772967460818,603,606
-23,22,17,856.1144783263509,603,606
-20,22,17,853.9232986632933,603,606
-11,12,17,854.3020543110031,603,606
-11,12,16,854.3020543110031,603,606
-5,6,16,854.2037227734377,603,606
-4,5,17,854.1955279676896,603,606
-3,2,14,855.6003740064634,603,606
-1,1,20,854.8923908890522,603,606
-2,1,16,855.5992052357225,603,606
-3,1,18,856.3066039684618,603,606
-4,1,14,857.0145856401745,603,606
-4,1,16,857.0145856401745,603,606
-5,1,17,857.7231488073527,603,606
-7,2,19,858.4381165815041,603,606
-3,2,17,855.6003740064634,603,606
-4,3,16,855.6038803091066,603,606
-4,2,17,856.3089395773,603,606
-3,1,17,856.3066039684618,603,606
-3,0,16,857.0134187980956,603,606
-2,1,14,855.5992052357225,603,606
-2,0,21,856.3066039684618,603,606
0,0,14,854.8947303615809,603,606
0,0,18,854.8947303615809,603,606
0,0,286,818.379496321847,593,564
0,-2,12,819.759110958823,593,564
-1,-5,18,822.5551653232749,593,564
-3,-12,15,828.8498054533161,593,564
-3,-13,19,829.5450560397549,593,564
-3,-8,13,826.0750571225353,593,564
-2,-10,21,826.7411928771905,593,564
-1,-2,16,820.4827847066629,593,564
0,-1,14,819.0689836637694,593,564
0,0,20,818.379496321847,593,564
0,0,87,818.379496321847,593,564
0,0,9,818.379496321847,593,564
0,1,20,817.6906505519064,593,564
0,0,16,818.379496321847,593,564
0,1,17,817.6906505519064,593,564
1,2,17,816.2769137982526,593,564
0,1,15,817.6906505519064,593,564
0,1,16,817.6906505519064,593,564
0,1,18,817.6906505519064,593,564
1,2,18,816.2769137982526,593,564
1,1,17,816.9657275553241,593,564
0,1,14,817.6906505519064,593,564
0,0,16,818.379496321847,593,564
0,0,283,189.52836199366047,161,100
9,-8,19,186.46179233290664,161,100
17,-15,18,184.28510520386612,161,100
14,-13,13,185.41305239923105,161,100
8,-9,20,187.85632808079689,161,100
9,-13,16,189.40168953839878,161,100
-2,-19,16,201.81674856165927,161,100
-45,-37,15,247.39644298170498,161,100
-79,-50,19,283.0194339616981,161,100
-149,-91,15,364.1167395218188,161,100
-150,-109,19,374.7025486969631,161,100
-63,-58,17,274.11676344215067,161,100
-42,-44,16,248.8875247978492,161,100
-23,-29,17,224.71537553091466,161,100
-10,-14,16,205.5164227014474,161,100
-8,-11,16,202.19297712828703,161,100
-2,-4,18,193.35201059208046,161,100
0,-1,16,190.057885919001,161,100
1,1,48,188.1515346735179,161,100
3,2,19,185.9247159470736,161,100
6,5,14,181.79658962697843,161,100
12,8,17,175.1142484208524,161,100
9,5,19,179.24564150907548,161,100
14,8,15,173.4156855650607,161,100
19,12,19,167.05687654209268,161,100
9,7,16,178.1937148162078,161,100
2,1,14,187.3018953454556,161,100
6,6,19,181.27603261324978,161,100
1,3,17,187.1069213043708,161,100
1,1,17,188.1515346735179,161,100
1,1,16,188.1515346735179,161,100
0,0,17,189.52836199366047,161,100
0,1,15,189.0026454841307,161,100
0,0,17,189.52836199366047,161,100
0,0,272,1039.1862200779992,1032,122
4,0,12,1035.2139875407404,1032,122
11,1,16,1028.1449314177453,1032,122
26,2,17,1013.1317782006446,1032,122
128,4,18,911.6687995099975,1032,122
54,0,13,985.5800322652645,1032,122
186,1,21,854.6092674433153,1032,122
132,7,15,907.31747475732,1032,122
126,11,17,912.7743423212552,1032,122
80,8,17,958.8013350011565,1032,122
59,7,16,979.7724225553605,1032,122
33,3,17,1006.0626223053911,1032,122
16,2,16,1023.0620704532057,1032,122
11,1,15,1028.1449314177453,1032,122
3,1,20,1036.089764450938,1032,122
1,0,14,1038.1931419538466,1032,122
0,0,29,1039.1862200779992,1032,122
-1,0,8,1040.1793114650955,1032,122
-1,0,15,1040.1793114650955,1032,122
-3,-2,15,1042.4015541047509,1032,122
-4,-5,16,1043.7552395078071,1032,122
-3,-7,17,1043.0081495367137,1032,122
-4,-8,16,1044.124513647678,1032,122
-3,-4,18,1042.6413573228333,1032,122
-3,-6,18,1042.884940921097,1032,122
-1,-1,16,1040.2970729556052,1032,122
0,-1,15,1039.3040940937353,1032,122
0,0,72,1039.1862200779992,1032,122
1,1,10,1038.0761051098325,1032,122
3,1,17,1036.089764450938,1032,122
3,1,21,1036.089764450938,1032,122
5,2,16,1033.9869438247274,1032,122
5,1,16,1034.1034764471108,1032,122
4,1,16,1035.0966138481954,1032,122
2,1,17,1037.082928217411,1032,122
1,0,17,1038.1931419538466,1032,122
0,1,234,500.92813855881565,273,421
-2,2,14,501.1845967305859,273,421
-11,11,20,498.7544486017142,273,421
-27,24,15,497.6032556163595,273,421
-29,24,15,498.8115876761485,273,421
-56,41,16,502.63406171886123,273,421
-130,92,17,520.2403290787826,273,421
-122,75,18,525.1104645691229,273,421
-130,70,16,534.4249245684562,273,421
-83,37,18,523.6334595879068,273,421
-95,32,14,535.4857607817411,273,421
-52,9,19,524.7561338374236,273,421
-54,3,16,530.7099019238289,273,421
-25,0,16,515.7955021129983,273,421
-14,-2,19,511.1731604847813,273,421
-10,-3,14,509.7695557798641,273,421
-4,-2,17,505.62634425037623,273,421
-1,-2,17,503.9890871834429,273,421
0,-1,17,502.6062076815208,273,421
0,-2,15,503.44612422780654,273,421
0,-5,18,505.9693666616587,273,421
2,-9,19,508.27256467371916,273,421
6,-13,16,509.5537263135262,273,421
8,-14,16,509.36234646860186,273,421
9,-17,18,511.40981609664084,273,421
8,-14,15,509.36234646860186,273,421
11,-14,15,507.80803459575156,273,421
10,-11,20,505.75982442262057,273,421
8,-7,17,503.3974572840034,273,421
6,-4,15,501.9103505607351,273,421
6,-2,16,500.2179524967092,273,421
5,-2,19,500.75243384331145,273,421
1,0,14,501.22350304031033,273,421
2,0,19,500.6815355093495,273,421
1,0,16,501.22350304031033,273,421
1,0,17,501.22350304031033,273,421
0,1,16,500.92813855881565,273,421
1,0,16,501.22350304031033,273,421
1,1,17,500.3838526571376,273,421
0,0,15,501.7668781416326,273,421
1,0,331,1190.5179545055169,1039,583
4,-2,7,1188.8860332260615,1039,583
11,-4,16,1183.7875654018335,1039,583
60,-16,12,1147.7116362571219,1039,583
137,-5,21,1076.7302354814785,1039,583
54,10,15,1139.5411357208654,1039,583
183,69,17,998.4648216136611,1039,583
86,39,16,1097.3354090705357,1039,583
86,37,17,1098.3282751527431,1039,583
12,4,15,1178.9698893525654,1039,583
33,11,19,1157.2467325510147,1039,583
17,3,16,1175.1102075975682,1039,583
9,1,17,1183.05705695034,1039,583
3,0,16,1188.774579136011,1039,583
1,0,158,1190.5179545055169,1039,583
7,0,8,1185.2902598098071,1039,583
12,2,19,1179.953388909918,1039,583
14,2,14,1178.2130537385842,1039,583
10,2,19,1181.6945459804747,1039,583
11,3,13,1180.3321566406637,1039,583
9,2,20,1182.5654315935335,1039,583
4,1,17,1187.4127336356132,1039,583
1,1,13,1190.0285710855853,1039,583
1,0,17,1190.5179545055169,1039,583
0,1,17,1190.9009194723128,1039,583
0,0,19,1191.389944560554,1039,583
0,0,17,1191.389944560554,1039,583
0,1,13,1190.9009194723128,1039,583
0,0,29,1191.389944560554,1039,583
0,0,40,1191.389944560554,1039,583
-1,0,259,622.6756780218736,562,266
-1,0,7,622.6756780218736,562,266
-5,-2,18,627.1467132976143,562,266
-8,-6,17,631.5726403193856,562,266
-24,-16,16,650.3229966716539,562,266
-40,-28,18,669.9552223843024,562,266
-73,-53,14,710.6236697436977,562,266
-43,-32,20,674.4101126169447,562,266
-63,-44,14,697.656792413003,562,266
-56,-37,17,688.2826454299135,562,266
-36,-23,18,664.1724173736817,562,266
-36,-23,14,664.1724173736817,562,266
-28,-19,20,655.2289676136121,562,266
-12,-10,15,636.9081566442685,562,266
-10,-12,17,635.9779870404321,562,266
-7,-9,17,631.9699359937939,562,266
-1,-3,14,623.9631399369678,562,266
-3,-6,20,627.0637926080567,562,266
0,-1,13,622.2001285760073,562,266
-3,-3,20,625.7683277379896,562,266
-2,-1,16,624.0072114967903,562,266
-3,-1,15,624.9111936907516,562,266
-3,-1,16,624.9111936907516,562,266
-4,0,19,625.389478645108,562,266
-3,0,18,624.4845874799473,562,266
-3,0,14,624.4845874799473,562,266
-2,0,19,623.5799868501233,562,266
-1,1,15,622.2491462428856,562,266
-1,3,17,621.400032185387,562,266
-2,3,17,622.3061947305362,562,266
-1,2,15,621.8239300638083,562,266
-1,3,18,621.400032185387,562,266
0,0,15,621.7716622683926,562,266
-1,1,18,622.2491462428856,562,266
0,0,17,621.7716622683926,562,266
1,0,322,762.6899763337657,761,64
6,-2,11,757.8792779856169,761,64
24,-15,18,741.2219640566515,761,64
43,-27,16,723.7437391784471,761,64
48,-35,17,719.8402600577436,761,64
27,-24,16,739.2563831310488,761,64
27,-28,16,739.7431986845164,761,64
17,-27,19,749.5445283637257,761,64
3,-8,15,761.4118465062124,761,64
3,-14,17,762.0026246673957,761,64
1,-7,17,763.3092427057333,761,64
0,-3,15,763.9437152042027,761,64
0,-4,16,764.0320673898445,761,64
-1,-4,20,765.0281040589293,761,64
0,-1,15,763.7709080607875,761,64
0,-1,16,763.7709080607875,761,64
0,0,18,763.6864539848798,761,64
0,0,16,763.6864539848798,761,64
0,-1,17,763.7709080607875,761,64
0,0,14,763.6864539848798,761,64
0,0,20,763.6864539848798,761,64
0,-1,17,763.7709080607875,761,64
0,0,13,763.6864539848798,761,64
0,1,223,146.4547711752676,100,108
0,1,11,146.4547711752676,100,108
-5,9,16,144.31216164966833,100,108
-8,14,20,143.17821063276352,100,108
-13,19,16,143.8401890988746,100,108
-17,33,17,138.97481786280562,100,108
-8,17,16,141.2267680009707,100,108
-5,10,15,143.62799170078233,100,108
-5,15,17,140.2640367307315,100,108
-6,15,19,141.01418368376991,100,108
-6,8,14,145.72576985557495,100,108
-10,5,20,150.6950563223625,100,108
-15,1,15,157.07959765672945,100,108
-35,0,15,172.8843544106869,100,108
-63,-13,19,203.00246303924493,100,108
-74,-21,16,216.60332407421637,100,108
-92,-26,17,234.13671220037236,100,108
-64,-14,15,204.40156555173445,100,108
-72,-13,17,210.2974084481309,100,108
-40,-5,18,179.91386828146406,100,108
-58,-4,17,193.66982212001952,100,108
-17,-1,17,159.90622251807463,100,108
-10,0,15,154.1557653803451,100,108
-21,-2,17,163.52675622050356,100,108
-6,-1,17,152.04275714416653,100,108
-6,-1,16,152.04275714416653,100,108
-4,-1,18,150.65523555456014,100,108
-1,-1,16,148.60013458944107,100,108
0,0,16,147.18695594379278,100,108
0,-1,21,147.92227688891217,100,108
0,0,25,147.18695594379278,100,108
0,0,37,147.18695594379278,100,108
0,0,190,1114.4792505919525,1000,492
3,0,10,1111.7881992537966,1000,492
10,0,19,1105.5152644807758,1000,492
14,0,14,1101.934662309885,1000,492
21,3,17,1094.3317595683677,1000,492
24,6,17,1090.3082133048435,1000,492
32,11,15,1080.9185908291151,1000,492
43,19,20,1067.5101873050205,1000,492
33,17,14,1077.3643766154512,1000,492
34,25,16,1072.9608566951545,1000,492
33,28,17,1072.5600216304913,1000,492
58,41,19,1044.3969551851442,1000,492
44,25,17,1063.9666348152089,1000,492
52,26,15,1056.3427474072987,1000,492
64,31,19,1043.3681037869617,1000,492
101,46,16,1003.5521909696575,1000,492
62,31,16,1045.1626667653222,1000,492
75,37,18,1030.849164524083,1000,492
65,34,13,1041.1479241683192,1000,492
35,20,16,1074.2481091442517,1000,492
25,12,21,1086.7497412007974,1000,492
16,8,13,1096.5910814884462,1000,492
11,6,20,1101.9605256087896,1000,492
4,2,16,1110.0072071838092,1000,492
2,1,14,1112.2432287948532,1000,492
2,0,19,1112.6850407909687,1000,492
2,0,17,1112.6850407909687,1000,492
2,-3,17,1114.0148113916619,1000,492
5,-4,15,1111.7738079303722,1000,492
6,-6,18,1111.7733581985135,1000,492
7,-6,16,1110.8793813911573,1000,492
5,-3,18,1111.3280343804884,1000,492
5,-4,13,1111.7738079303722,1000,492
3,-4,19,1113.5640978408023,1000,492
2,-4,18,1114.4595102559806,1000,492
0,-4,16,1116.2508678608049,1000,492
0,-3,18,1115.8068829327053,1000,492
0,-3,13,1115.8068829327053,1000,492
0,-1,21,1114.92107343973,1000,492
0,0,12,1114.4792505919525,1000,492
-1,0,352,318.9435686763412,125,293
-7,-3,15,324.09875038327436,125,293
-20,-7,18,333.2041416309227,125,293
-29,-10,18,339.8896879871468,125,293
-47,-12,17,350.15567966263234,125,293
-65,-18,14,364.44615514503647,125,293
-100,-27,20,391.184099881373,125,293
-94,-23,16,384.4697647410001,125,293
-98,-26,14,389.21716303369766,125,293
-64,-16,16,362.2181663031273,125,293
-81,-23,17,377.2161184254989,125,293
-67,-18,17,365.4928179868929,125,293
-67,-15,20,362.9435217771492,125,293
-21,-5,13,331.84333653096,125,293
-46,-11,19,348.7936352630306,125,293
-24,-6,17,334.0688551780905,125,293
-16,-5,15,329.67408148048276,125,293
-8,-2,18,323.5954264200902,125,293
-7,-2,14,323.1857051294194,125,293
-4,-2,17,321.97204847626136,125,293
-2,0,20,319.3399442600315,125,293
-2,-1,15,320.2577087284551,125,293
0,0,16,318.54983911469805,125,293
-1,0,18,318.9435686763412,125,293
0,1,18,317.63028822831114,125,293
0,1,14,317.63028822831114,125,293
0,3,16,315.79265349276255,125,293
-1,3,18,316.1898164078027,125,293
-1,8,18,311.61033358988595,125,293
0,2,14,316.7112249352713,125,293
-1,4,17,315.27289766169247,125,293
-1,5,20,314.3564855383137,125,293
0,3,14,315.79265349276255,125,293
0,1,16,317.63028822831114,125,293
0,1,17,317.63028822831114,125,293
0,0,19,318.54983911469805,125,293
0,1,16,317.63028822831114,125,293
0,0,222,1022.1707293793928,887,508
0,0,10,1022.1707293793928,887,508
4,0,19,1018.7016246183177,887,508
4,-1,14,1019.2006671897345,887,508
7,-1,19,1016.6026755817634,887,508
14,-1,13,1010.5493555487529,887,508
23,-2,19,1003.2925794602489,887,508
48,0,17,980.8083400950463,887,508
78,0,17,955.272212513271,887,508
81,1,16,952.2000840159593,887,508
97,17,14,930.1510629999839,887,508
156,45,21,865.291858276732,887,508
51,17,14,969.5241100663768,887,508
106,44,16,908.4365690569705,887,508
40,22,19,976.527009355092,887,508
28,15,16,990.4191032083337,887,508
23,14,15,995.254741259744,887,508
7,4,20,1014.108475460096,887,508
6,4,12,1014.9763544043773,887,508
2,2,17,1019.4415137711433,887,508
0,0,18,1022.1707293793928,887,508
1,1,18,1020.8060540572827,887,508
0,0,15,1022.1707293793928,887,508
0,0,36,1022.1707293793928,887,508
0,1,15,1021.6741163404307,887,508
1,1,19,1020.8060540572827,887,508
0,2,13,1021.1782410529515,887,508
1,6,19,1018.3319694480774,887,508
0,1,15,1021.6741163404307,887,508
0,9,19,1017.7278614639574,887,508
-2,3,16,1022.4216351388501,887,508
-2,3,16,1022.4216351388501,887,508
-3,2,18,1023.7851337072638,887,508
-3,3,16,1023.2912586355851,887,508
-3,1,17,1024.2797469441637,887,508
-1,0,16,1023.0386111970555,887,508
-2,1,14,1023.4109633964256,887,508
0,1,21,1021.6741163404307,887,508
0,0,15,1022.1707293793928,887,508
-1,0,277,1028.9849367216218,990,277
0,0,7,1028.0218869265382,990,277
-1,0,14,1028.9849367216218,990,277
-1,-2,16,1029.5251332531907,990,277
-2,-9,18,1032.4049593061823,990,277
0,-30,19,1036.5080800456888,990,277
9,-26,14,1026.7278120319913,990,277
13,-24,19,1022.315998114086,990,277
16,-22,16,1018.8606381640229,990,277
13,-13,16,1019.1314929880245,990,277
14,-13,15,1018.1728733373326,990,277
12,-12,16,1019.8063541672998,990,277
8,-8,21,1022.5209044317871,990,277
5,-6,15,1024.848281454382,990,277
4,-7,17,1026.0857663957727,990,277
2,-4,17,1027.1830411372648,990,277
2,-4,16,1027.1830411372648,990,277
1,-2,16,1027.6001167769493,990,277
0,-2,19,1028.5625892477326,990,277
1,-1,15,1027.329061206778,990,277
0,0,16,1028.0218869265382,990,277
0,-1,16,1028.2917873833283,990,277
1,-2,19,1027.6001167769493,990,277
0,-2,16,1028.5625892477326,990,277
2,-4,17,1027.1830411372648,990,277
1,-4,16,1028.1449314177453,990,277
1,-4,15,1028.1449314177453,990,277
1,-4,18,1028.1449314177453,990,277
1,-5,18,1028.4186890561646,990,277
1,-4,14,1028.1449314177453,990,277
1,-4,21,1028.1449314177453,990,277
0,-3,14,1028.8342918079666,990,277
0,-2,17,1028.5625892477326,990,277
0,-3,17,1028.8342918079666,990,277
0,-1,17,1028.2917873833283,990,277
0,0,15,1028.0218869265382,990,277
0,-2,18,1028.5625892477326,990,277
-1,-1,17,1029.2545846388055,990,277
0,0,14,1028.0218869265382,990,277
0,-1,348,1260.1448329458008,1253,133
2,-3,7,1258.370772069981,1253,133
3,-4,15,1257.4851887795737,1253,133
21,-20,16,1241.464055057576,1253,133
30,-21,15,1232.6576978220678,1253,133
37,-19,18,1225.4631777413795,1253,133
44,-20,14,1218.642687583198,1253,133
48,-19,21,1214.5488874475166,1253,133
16,-7,13,1244.8971845096285,1253,133
20,-8,15,1241.0358576608494,1253,133
21,-10,22,1240.2713412798023,1253,133
9,-4,13,1251.5210745329061,1253,133
5,-4,17,1255.497112700782,1253,133
3,-1,18,1257.161882972913,1253,133
2,-2,16,1258.2630885470653,1253,133
1,0,18,1259.0444789601358,1253,133
0,-1,14,1260.1448329458008,1253,133
0,0,16,1260.0388882887703,1253,133
1,0,21,1259.0444789601358,1253,133
-1,0,301,819.5706192879293,535,620
-1,0,12,819.5706192879293,535,620
-3,0,18,820.880015593022,535,620
-9,0,18,824.8248298881406,535,620
-13,3,17,825.2230001641981,535,620
-18,3,16,828.5517485347551,535,620
-10,2,13,823.9836163419756,535,620
-36,8,21,837.00955789047,535,620
-46,11,14,841.6899666741906,535,620
-43,11,19,839.621938731951,535,620
-51,18,15,840.1190391843289,535,620
-58,25,18,840.0440464642315,535,620
-59,28,14,838.6298349093001,535,620
-58,32,16,835.1005927431737,535,620
-55,32,20,832.9729887577388,535,620
-49,32,14,828.7339742040265,535,620
-32,24,20,822.6208117960547,535,620
-52,41,16,824.5059126531477,535,620
-24,22,16,818.5871975544206,535,620
-26,27,16,816.3148902231295,535,620
-21,24,17,815.0779103864857,535,620
-26,35,18,810.5220539874285,535,620
-6,11,14,814.5931499834749,535,620
-13,23,18,810.378306718535,535,620
-7,14,18,813.0190649671138,535,620
-6,14,15,812.352755888721,535,620
-4,12,18,812.5176921150702,535,620
-2,7,17,814.9466240190212,535,620
-2,7,14,814.9466240190212,535,620
-1,4,16,816.5488350368274,535,620
-1,2,18,818.0586776020409,535,620
0,1,18,818.1601310257057,535,620
0,1,17,818.1601310257057,535,620
2,2,17,816.0961953103323,535,620
2,4,15,814.5827152597826,535,620
3,4,16,813.9287438099235,535,620
2,4,17,814.5827152597826,535,620
2,4,17,814.5827152597826,535,620
2,3,19,815.3391932196072,535,620
0,1,15,818.1601310257057,535,620
1,1,16,817.5065748971075,535,620
0,1,17,818.1601310257057,535,620
0,0,16,818.91696770796,535,620
1,0,39,818.2640160730521,535,620
0,-1,219,819.674325570833,535,620
0,-1,8,819.674325570833,535,620
0,-1,17,819.674325570833,535,620
0,-4,16,821.949511831475,535,620
0,-2,17,820.4322031709872,535,620
0,-2,17,820.4322031709872,535,620
0,0,18,818.91696770796,535,620
0,0,18,818.91696770796,535,620
0,-2,316,948.1165540164353,934,161
0,-16,17,950.6234796174562,934,161
0,-17,14,950.810180845788,934,161
4,-50,17,953.6356746682666,934,161
25,-89,18,942.751823122077,934,161
30,-53,17,928.9843916880412,934,161
43,-47,16,914.9562831086521,934,161
58,-40,15,898.7641514880308,934,161
61,-29,21,893.4366233818714,934,161
39,-15,15,912.1408882404078,934,161
41,-16,14,910.3724512527826,934,161
19,-9,20,930.658369112963,934,161
17,-9,17,932.624790577647,934,161
10,-7,15,939.1485505499116,934,161
7,-7,17,942.100313130189,934,161
4,-6,16,944.8751240243337,934,161
5,-9,18,944.4262808710905,934,161
2,-3,14,946.3191850533307,934,161
7,-11,20,942.8218283429802,934,161
6,-6,16,942.9066761880521,934,161
8,-8,16,941.2953840320264,934,161
5,-4,17,943.5390823913973,934,161
4,-4,17,944.5236894858699,934,161
2,-2,15,946.1463945922957,934,161
1,-1,18,946.9598724338852,934,161
1,0,17,946.7893113042627,934,161
0,1,50,947.605403108277,934,161
0,0,15,947.7747622721339,934,161
0,0,17,947.7747622721339,934,161
-1,0,252,918.3947952814193,756,520
-3,1,16,919.4792004172797,756,520
-9,4,15,922.7572811958734,756,520
-19,7,16,929.4051861271272,756,520
-58,27,19,951.6538236144486,756,520
-43,20,15,942.5502639116919,756,520
-27,19,18,929.5644141209366,756,520
-26,22,16,927.1073292774682,756,520
-14,22,16,917.0081788075829,756,520
-4,21,18,909.1760005631473,756,520
0,21,14,905.8349739328903,756,520
9,23,20,897.2279531980711,756,520
15,22,14,892.7961693466208,756,520
11,15,18,900.0277773491216,756,520
11,16,16,899.4670644331565,756,520
4,8,18,909.751614453088,756,520
3,9,17,910.016483367197,756,520
1,1,14,916.1801132965068,756,520
0,5,20,914.7464129473261,756,520
0,1,14,917.0043620397888,756,520
-4,4,19,918.6163508233457,756,520
-3,5,16,917.2273436831242,756,520
-3,5,16,917.2273436831242,756,520
-4,6,16,917.4944141519337,756,520
-2,5,18,916.4000218245305,756,520
-4,7,14,916.9345669130377,756,520
-2,3,17,917.5254764855306,756,520
-2,7,16,915.2775535322605,756,520
-2,5,21,916.4000218245305,756,520
-2,6,15,915.8384136953417,756,520
-1,7,16,914.449561211552,756,520
-1,6,17,915.0109288964804,756,520
-1,4,17,916.1359069483086,756,520
0,6,17,914.1837889614976,756,520
-1,3,16,916.6995145629783,756,520
0,1,17,917.0043620397888,756,520
0,2,17,916.4387595469759,756,520
0,0,16,917.5707057224528,756,520
-1,1,14,917.8289601009548,756,520
0,1,21,917.0043620397888,756,520
0,0,15,917.5707057224528,756,520
0,1,17,917.0043620397888,756,520
0,0,335,917.5707057224528,756,520
1,2,15,915.6140016404293,756,520
2,4,17,913.6585795580316,756,520
0,1,15,917.0043620397888,756,520
1,1,18,916.1801132965068,756,520
0,0,16,917.5707057224528,756,520
1,1,17,916.1801132965068,756,520
0,1,15,917.0043620397888,756,520
0,0,19,917.5707057224528,756,520
0,0,16,917.5707057224528,756,520
0,0,321,812.4161495194443,532,614
-2,0,12,813.7272270238965,532,614
-9,0,16,818.3379497493685,532,614
-15,1,18,821.5704473750258,532,614
-33,7,17,829.2611168986522,532,614
-23,8,17,821.7426604479044,532,614
-35,14,15,825.5234702902153,532,614
-44,25,18,823.8306864884313,532,614
-11,7,15,814.4310897798537,532,614
-24,14,18,818.0073349304394,532,614
-9,6,15,813.8458084920018,532,614
-8,5,18,813.9293581140811,532,614
-6,3,16,814.1038017353807,532,614
-3,2,18,812.8769894639656,532,614
-1,1,16,812.3164408037055,532,614
-1,0,18,813.0713375836095,532,614
0,1,14,811.6606433725858,532,614
0,0,18,812.4161495194443,532,614
0,0,43,812.4161495194443,532,614
0,0,308,1186.1079208908436,1186,16
0,-5,14,1186.1859044854648,1186,16
0,-20,17,1186.5462485718792,1186,16
10,-54,18,1178.08149123904,1186,16
26,-48,16,1161.7641757258657,1186,16
60,-64,16,1128.8383409505543,1186,16
74,-53,18,1114.138680775423,1186,16
99,-54,16,1089.2515779194446,1186,16
115,-52,18,1073.1565589418908,1186,16
108,-46,14,1079.7814593703672,1186,16
64,-32,16,1123.0262686152982,1186,16
66,-40,19,1121.399126092044,1186,16
45,-44,15,1142.5764744646199,1186,16
31,-45,16,1156.609700806629,1186,16
12,-29,18,1174.8621195697817,1186,16
4,-11,17,1182.3083354184728,1186,16
4,-17,16,1182.460570167141,1186,16
-47,0,261,1233.1038074712121,1186,16
0,0,5,1186.1079208908436,1186,16
-6,2,20,1192.082211930033,1186,16
-2,1,16,1188.0946931957908,1186,16
-1,1,16,1187.0947729646525,1186,16
-2,1,16,1188.0946931957908,1186,16
-1,1,16,1187.0947729646525,1186,16
0,0,17,1186.1079208908436,1186,16
-1,1,17,1187.0947729646525,1186,16
0,0,18,1186.1079208908436,1186,16
0,1,14,1186.0948528680158,1186,16
-1,1,21,1187.0947729646525,1186,16
-1,1,13,1187.0947729646525,1186,16
0,2,20,1186.0826278130878,1186,16
-1,1,13,1187.0947729646525,1186,16
-1,1,19,1187.0947729646525,1186,16
0,1,17,1186.0948528680158,1186,16
0,0,15,1186.1079208908436,1186,16
0,0,14,1186.1079208908436,1186,16
0,1,3,1186.0948528680158,1186,16
-2,1,300,935.200513259055,848,391
-13,9,18,941.9368344002692,848,391
-31,23,14,952.9244461131218,848,391
-44,35,16,960.4165762834375,848,391
-50,46,17,961.9922037106122,848,391
-49,53,20,958.5682031029404,848,391
-28,34,16,945.9519015256536,848,391
-27,40,17,942.7756891222854,848,391
-12,21,14,936.2157870918435,848,391
-10,21,18,934.3789381187913,848,391
-4,15,16,931.2786908332006,848,391
-1,11,19,930.1618138797141,848,391
0,3,13,932.5491944128203,848,391
0,4,20,932.1335741190744,848,391
0,2,17,932.9657014060056,848,391
0,1,15,933.383093911605,848,391
-1,1,17,934.2917103346256,848,391
-1,2,16,933.8747239324983,848,391
-3,3,16,935.2780335279986,848,391
-4,5,16,935.3608929178085,848,391
-5,6,19,935.8600322697833,848,391
-5,7,15,935.4490900097129,848,391
-6,6,16,936.7715836851586,848,391
-6,5,17,937.183013076955,848,391
-6,5,16,937.183013076955,848,391
-6,3,18,938.0085287458745,848,391
-5,4,15,936.6845787136671,848,391
-5,3,19,937.0981805552714,848,391
-5,2,16,937.5126665810975,848,391
-4,2,15,936.6029041167874,848,391
-3,1,18,936.1095021417099,848,391
-2,1,19,935.200513259055,848,391
0,0,16,933.8013707421937,848,391
0,0,17,933.8013707421937,848,391
-2,0,289,736.2404498531713,643,355
-4,1,9,737.5127117548551,643,355
-10,3,16,741.830843252018,643,355
-33,6,20,760.7739480292421,643,355
-23,2,16,753.7672054421047,643,355
-29,1,17,759.5393340703298,643,355
-18,-1,14,750.7709371039878,643,355
-17,-7,18,752.7575971054692,643,355
-13,-8,16,749.7366204207982,643,355
-6,-5,15,742.1596863209427,643,355
-8,-6,20,744.3937130309471,643,355
-3,-2,16,738.0819737671419,643,355
-2,0,15,736.2404498531713,643,355
-2,-1,17,736.7231501724376,643,355
-4,0,17,737.9932249011505,643,355
-3,0,17,737.1166800446182,643,355
-3,0,17,737.1166800446182,643,355
-3,0,18,737.1166800446182,643,355
-3,0,17,737.1166800446182,643,355
-3,0,16,737.1166800446182,643,355
-3,0,17,737.1166800446182,643,355
-2,-2,14,737.2068909064809,643,355
-2,-1,18,736.7231501724376,643,355
-2,-2,16,737.2068909064809,643,355
-2,-3,17,737.6916700085477,643,355
-1,-4,16,737.3038722263705,643,355
-2,-4,19,738.1774854328734,643,355
-1,-1,15,735.8478103521135,643,355
-1,-2,18,736.3321261496064,643,355
0,0,16,734.4889379697968,643,355
-1,0,346,351.411439768258,320,143
-2,0,8,352.3251339317137,320,143
-4,0,15,354.1539213392956,320,143
-14,-1,15,363.719672275229,320,143
-28,-11,14,380.5522303179946,320,143
-32,-21,19,388.329756778952,320,143
-35,-29,14,394.4730662542121,320,143
-46,-41,21,409.6486299256962,320,143
-33,-28,16,392.23717314910374,320,143
-22,-16,16,377.1538147758816,320,143
-20,-13,16,374.080205303622,320,143
-15,-8,17,367.458841232593,320,143
-10,-4,17,361.26029397098154,320,143
-7,-2,16,357.7065836687941,320,143
-6,-2,18,356.79265687511,320,143
-4,0,14,354.1539213392956,320,143
-4,-1,16,354.5588808646598,320,143
-3,-1,20,353.6453025278294,320,143
-3,0,16,353.2392956623031,320,143
-1,0,17,351.411439768258,320,143
-3,0,16,353.2392956623031,320,143
-2,-1,17,352.7321930303499,320,143
-2,-1,15,352.7321930303499,320,143
-5,-5,18,357.1120272407526,320,143
-2,-2,17,353.1416146533852,320,143
-5,-9,17,358.7882383802457,320,143
-2,-4,17,353.96751263357487,320,143
-4,-5,15,356.20218977429096,320,143
-2,-3,18,353.5533905932738,320,143
-2,-2,14,353.1416146533852,320,143
-2,-1,19,352.7321930303499,320,143
-1,0,17,351.411439768258,320,143
-1,-1,14,351.81955602268613,320,143
0,0,17,350.49821682855963,320,143
0,0,191,766.3745820419673,713,281
1,0,9,765.4443154142566,713,281
8,0,20,758.9374150745238,713,281
12,0,15,755.2231458317468,713,281
16,0,17,751.511809621113,713,281
19,0,17,748.7302585043561,713,281
19,3,15,747.6095237488619,713,281
20,7,16,745.2013150820387,713,281
19,10,17,745.0348985114724,713,281
32,17,18,730.3814072113282,713,281
22,11,17,741.876674387327,713,281
44,22,15,717.3855309385602,713,281
37,18,16,725.3585320377779,713,281
30,13,16,733.698166823388,713,281
50,21,20,712.1579880897216,713,281
21,8,16,743.9038916419244,713,281
19,7,15,746.1313557276627,713,281
7,3,19,758.7621498203505,713,281
6,2,17,760.0592082199912,713,281
2,0,16,764.5142248513104,713,281
0,1,17,766.0084855926858,713,281
1,0,17,765.4443154142566,713,281
0,0,18,766.3745820419673,713,281
0,0,24,766.3745820419673,713,281
1,0,9,765.4443154142566,713,281
0,-1,15,766.7418079118942,713,281
0,-1,15,766.7418079118942,713,281
3,-1,19,763.9528781279641,713,281
1,-1,14,765.8119873702683,713,281
2,0,17,764.5142248513104,713,281
0,-1,16,766.7418079118942,713,281
1,0,18,765.4443154142566,713,281
0,0,18,766.3745820419673,713,281
0,0,304,741.7277128434665,644,368
2,0,11,739.9918918474715,644,368
4,3,19,736.7665844757076,644,368
2,3,14,738.5045700603348,644,368
3,5,16,736.6478127300725,644,368
0,3,19,740.2438787318677,644,368
0,7,14,738.2797572736232,644,368
-5,9,20,741.6751310378419,644,368
-12,10,16,747.3285756613352,644,368
-13,10,17,748.2065222918068,644,368
-11,7,16,747.8943775694534,644,368
-13,9,18,748.6855147523559,644,368
-10,6,15,747.5025083569955,644,368
-8,5,17,746.2392377783415,644,368
-4,4,17,743.2361670424818,644,368
-5,4,16,744.1081910582627,644,368
-3,3,18,742.8553021955217,644,368
-3,3,13,742.8553021955217,644,368
-1,1,18,742.1010712834203,644,368
0,2,16,740.737470363151,644,368
-1,1,19,742.1010712834203,644,368
-1,1,15,742.1010712834203,644,368
0,0,16,741.7277128434665,644,368
0,1,17,741.2320824141384,644,368
0,0,19,741.7277128434665,644,368
0,0,322,741.7277128434665,644,368
0,-1,10,742.2243596110276,644,368
1,-2,17,741.8551071469415,644,368
2,-2,17,740.9885289260557,644,368
3,-2,15,740.1222871931368,644,368
2,-2,16,740.9885289260557,644,368
1,-1,18,741.3568641349455,644,368
0,0,19,741.7277128434665,644,368
1,0,16,740.8596358285421,644,368
-1,0,285,1299.1381758689104,1203,488
-3,0,13,1300.9919292601319,1203,488
-16,2,19,1312.3097957418438,1203,488
-15,2,16,1311.3809515163775,1203,488
-25,2,17,1320.6740703140954,1203,488
-14,0,16,1311.1952562452323,1203,488
-8,0,17,1305.6282012885597,1203,488
-5,-2,17,1303.596563358465,1203,488
2,-4,16,1297.869407914371,1203,488
42,-12,17,1264.089000031248,1203,488
81,-7,15,1226.339675620095,1203,488
109,0,18,1197.9065072032959,1203,488
109,29,15,1186.3882163946168,1203,488
77,29,17,1215.9592920817704,1203,488
82,34,19,1209.4449139998069,1203,488
47,19,14,1247.5163325584158,1203,488
33,12,16,1263.1215301783118,1203,488
40,12,21,1256.6403622357511,1203,488
8,2,14,1290.0468983723033,1203,488
12,1,18,1286.7206379008614,1203,488
2,1,14,1295.9822529649084,1203,488
2,0,19,1296.358360948083,1203,488
0,0,564,892.271259203164,892,22
-6,0,17,898.2694473263576,892,22
-8,0,20,900.2688487335325,892,22
-16,-2,15,908.3171252376562,892,22
-30,-13,14,922.6640775493538,892,22
-29,-23,19,922.0986931993776,892,22
-33,-36,16,926.8165945860054,892,22
-35,-48,16,929.6391773155863,892,22
-32,-57,16,927.3710152899971,892,22
-31,-56,21,926.2899114208251,892,22
-19,-34,13,912.7195626258922,892,22
-22,-39,19,916.0332963380753,892,22
-12,-20,16,904.9751377800387,892,22
-8,-12,16,900.6419932470393,892,22
-7,-9,17,899.5343239699083,892,22
-6,-9,17,898.5349186314353,892,22
-3,-5,14,895.4071699511904,892,22
-6,-12,21,898.6434220534861,892,22
-2,-9,14,894.537310568989,892,22
-2,-9,19,894.537310568989,892,22
0,-5,15,892.4085387310007,892,22
-1,-5,16,893.4080814499049,892,22
0,-5,18,892.4085387310007,892,22
-1,-3,14,893.3498754687325,892,22
0,-4,21,892.3788433171194,892,22
0,-4,14,892.3788433171194,892,22
0,-10,18,892.5738064720474,892,22
0,-4,16,892.3788433171194,892,22
0,-13,17,892.6863951018858,892,22
0,-6,17,892.4393536818062,892,22
0,-6,15,892.4393536818062,892,22
0,-3,16,892.3502675519294,892,22
0,-2,19,892.3228115429976,892,22
0,-1,15,892.2964753936889,892,22
0,-1,19,892.2964753936889,892,22
-1,-1,13,893.2961435044931,892,22
0,0,19,892.271259203164,892,22
0,0,18,892.271259203164,892,22
0,-1,15,892.2964753936889,892,22
0,0,16,892.271259203164,892,22
-1,0,16,893.27095553365,892,22
0,0,19,892.271259203164,892,22
0,1,13,892.2471630663781,892,22
0,0,3,892.271259203164,892,22
0,1,301,1229.125298738904,1218,166
-1,11,16,1228.8148762120354,1218,166
0,12,15,1227.69703103005,1218,166
0,12,17,1227.69703103005,1218,166
9,25,17,1217.1943148076234,1218,166
26,31,19,1199.6203566128745,1218,166
31,21,13,1195.8235655814783,1218,166
39,17,20,1188.377886027841,1218,166
30,9,16,1198.3292535860085,1218,166
35,8,14,1193.5045035524583,1218,166
28,6,19,1200.708124399931,1218,166
18,2,17,1211.154820821847,1218,166
19,2,14,1210.164038467513,1218,166
13,1,18,1216.2442188968464,1218,166
13,0,17,1216.38028593035,1218,166
12,0,15,1217.3709377178345,1218,166
18,-4,19,1211.9818480488889,1218,166
5,-1,15,1224.4419136896613,1218,166
14,-4,19,1215.9424328478713,1218,166
3,-1,14,1226.4232548349694,1218,166
7,-2,20,1222.5976443621998,1218,166
2,-1,16,1227.4139481038987,1218,166
1,-1,16,1228.404656454867,1218,166
0,0,17,1229.2599399638793,1218,166
0,0,16,1229.2599399638793,1218,166
0,0,134,1229.2599399638793,1218,166
1,0,16,1228.2691073213557,1218,166
2,0,16,1227.2782895496848,1218,166
0,0,18,1229.2599399638793,1218,166
1,0,14,1228.2691073213557,1218,166
-9,4,283,1101.694149934545,1090,81
-16,8,20,1108.4065138747605,1090,81
-15,4,13,1107.6795565505395,1090,81
-17,4,19,1109.6747271160139,1090,81
-22,4,16,1114.6627292593935,1090,81
-20,1,19,1112.8791488746656,1090,81
-18,0,16,1110.9567948394754,1090,81
-11,-4,14,1104.276233557528,1090,81
-10,-19,19,1104.536101718726,1090,81
-1,-20,17,1095.6650948168424,1090,81
0,-18,17,1094.4866376525572,1090,81
1,-10,13,1092.7954977945324,1090,81
4,-17,21,1090.4127658827183,1090,81
3,-7,15,1090.5562800699468,1090,81
1,-4,18,1092.3122264261258,1090,81
1,-1,14,1092.082872313269,1090,81
1,-1,19,1092.082872313269,1090,81
0,0,16,1093.0054894647144,1090,81
0,0,20,1093.0054894647144,1090,81
0,-1,49,1093.0800519632585,1090,81
0,0,56,1093.0054894647144,1090,81
0,0,16,1093.0054894647144,1090,81
0,0,9,1093.0054894647144,1090,81
0,-1,18,1093.0800519632585,1090,81
0,-1,15,1093.0800519632585,1090,81
0,-2,17,1093.1555241593028,1090,81
0,-2,17,1093.1555241593028,1090,81
0,-1,17,1093.0800519632585,1090,81
0,-1,15,1093.0800519632585,1090,81
0,0,143,585.4135290544625,265,522
0,3,8,582.7400792806343,265,522
5,8,18,576.0173608494799,265,522
3,5,14,579.597273975646,265,522
14,18,18,563.0426271606796,265,522
7,8,16,575.1173793235604,265,522
11,11,17,570.6461250197008,265,522
9,10,18,572.4334022399462,265,522
7,9,14,574.2238239571744,265,522
7,10,16,573.330620148619,265,522
4,11,19,573.7961310430735,265,522
2,12,14,573.8196580808294,265,522
0,18,17,569.4216363996015,265,522
-7,13,18,577.1178389202677,265,522
-25,19,16,580.6108851890395,265,522
-67,35,19,589.4005429247584,265,522
-32,14,13,588.4496579997307,265,522
-154,60,21,623.7026535136755,265,522
-115,45,16,609.8598199586525,265,522
-100,45,14,600.6280046751067,265,522
-169,91,18,611.6510443054929,265,522
-119,73,16,590.8104603000864,265,522
-66,41,19,583.8852627015003,265,522
-44,26,16,584.377446518943,265,522
-96,4,109,631.3834017457222,265,522
0,0,5,585.4135290544625,265,522
-2,-23,20,606.8887871760361,265,522
0,-9,14,593.4526097339196,265,522
0,-16,17,599.7241032341454,265,522
3,-24,18,605.6071333793881,265,522
6,-13,15,594.395491234582,265,522
6,-11,19,592.595983786593,265,522
8,-11,13,591.7245981028674,265,522
9,-9,20,589.4887615552989,265,522
9,-7,14,587.6878423108649,265,522
12,-7,20,586.3872440631702,265,522
12,-5,14,584.5836124969635,265,522
13,-3,18,582.347834202206,265,522
8,-3,17,584.5288701167805,265,522
7,-2,16,584.0719133805356,265,522
5,-2,18,584.9581181588986,265,522
2,-1,14,585.4041339109248,265,522
1,-1,17,585.8540773947042,265,522
1,0,17,584.9615371971049,265,522
0,-1,18,586.305381179467,265,522
1,0,331,792.2941373000308,784,121
13,-9,17,781.8829835723502,784,121
30,-18,19,766.7052888822406,784,121
66,-41,16,736.0489114182562,784,121
70,-41,15,732.1475261175168,784,121
91,-58,16,715.7443677738582,784,121
99,-63,20,709.2820313528322,784,121
66,-42,14,736.2696516901942,784,121
40,-28,17,758.7733521941846,784,121
13,-9,18,781.8829835723502,784,121
18,-14,14,777.8052455467242,784,121
5,-5,19,789.1241980829127,784,121
1,-4,18,792.9148756329396,784,121
-2,-1,15,795.4118430096449,784,121
-4,-1,18,797.3882366827341,784,121
-4,-3,17,797.6966842102329,784,121
-3,-3,15,796.7088552288094,784,121
-3,-5,15,797.0225843726137,784,121
-2,-5,16,796.0351751022062,784,121
-1,-6,20,795.2068913182279,784,121
0,-7,16,794.3802615876102,784,121
0,-7,18,794.3802615876102,784,121
2,-7,15,792.4064613567964,784,121
3,-8,15,791.581960380604,784,121
5,-7,18,789.4460082868238,784,121
5,-5,19,789.1241980829127,784,121
4,-3,16,789.7949100874226,784,121
3,-1,17,790.4713783559781,784,121
1,0,16,792.2941373000308,784,121
1,0,17,792.2941373000308,784,121
1,0,15,792.2941373000308,784,121
0,0,19,793.2824213355543,784,121
0,0,15,793.2824213355543,784,121
0,0,16,793.2824213355543,784,121
0,1,282,508.1830378908765,389,328
0,2,20,507.5401461953527,389,328
2,3,14,505.3652144736517,389,328
3,5,18,503.3140172894055,389,328
1,5,18,504.84948251929507,389,328
1,4,15,505.48986142157196,389,328
-3,10,18,504.7652919922288,389,328
-9,6,14,511.9453095790604,389,328
-29,11,17,524.6074723066762,389,328
-81,32,18,555.4421662063477,389,328
-63,25,17,544.1626595054092,389,328
-32,13,15,525.8003423353773,389,328
-66,25,19,546.6571137376701,389,328
-38,17,16,528.2518338822877,389,328
-19,9,15,517.9044313384469,389,328
-20,9,16,518.6925871843553,389,328
-13,7,20,514.4365850131578,389,328
-7,4,14,511.65613452786823,389,328
-5,4,19,510.10979210362154,389,328
-4,3,15,509.97450916687984,389,328
-3,2,18,509.8431131240276,389,328
-1,1,17,508.94891688655747,389,328
-2,1,16,509.7156069809909,389,328
0,1,14,508.1830378908765,389,328
-2,1,20,509.7156069809909,389,328
-1,2,16,508.30699385312414,389,328
-1,1,17,508.94891688655747,389,328
-2,2,15,509.0746507144114,389,328
-1,0,17,509.5919936576712,389,328
0,1,17,508.1830378908765,389,328
0,0,16,508.8270826125512,389,328
0,0,16,508.8270826125512,389,328
0,0,290,666.3249957790867,350,567
0,-1,12,667.1761386620477,350,567
1,0,14,665.800270351402,350,567
2,-1,21,666.1291166132884,350,567
2,0,15,665.27663419062,350,567
3,0,17,664.7540898708334,350,567
4,12,16,654.0191128705644,350,567
1,8,17,659.0007587249047,350,567
1,43,17,629.584783805962,350,567
-5,54,17,623.8541496215281,350,567
-10,30,16,646.5052203965564,350,567
-13,35,17,644.0442531379346,350,567
-8,20,17,653.737714989735,350,567
-9,17,16,656.7960109501275,350,567
-3,7,15,661.9735644268584,350,567
-2,5,19,663.134978718511,350,567
-1,3,14,664.3018892039973,350,567
-1,1,20,666.0007507503276,350,567
0,0,15,666.3249957790867,350,567
0,0,17,666.3249957790867,350,567
0,1,17,665.4742669705569,350,567
0,0,18,666.3249957790867,350,567
0,0,16,666.3249957790867,350,567
0,0,14,666.3249957790867,350,567
0,1,16,665.4742669705569,350,567
0,1,19,665.4742669705569,350,567
-1,1,16,666.0007507503276,350,567
0,1,18,665.4742669705569,350,567
0,1,17,665.4742669705569,350,567
0,0,14,666.3249957790867,350,567
0,0,18,666.3249957790867,350,567
-1,0,216,1281.6005617976298,1229,360
1,0,15,1279.6812103020034,1229,360
12,-7,19,1271.1325658640014,1229,360
13,-7,16,1270.1751847678336,1229,360
16,-11,18,1268.4675794043771,1229,360
19,-14,14,1266.4817408869344,1229,360
30,-27,17,1259.9087268528622,1229,360
34,-30,19,1257.0302303445212,1229,360
43,-36,14,1250.3647467839135,1229,360
82,-54,20,1219.428144664539,1229,360
139,-51,16,1164.9124430617092,1229,360
129,-21,17,1164.1138260496693,1229,360
137,-1,16,1150.123906368353,1229,360
90,2,17,1193.9367654947225,1229,360
97,14,16,1183.6975965169484,1229,360
42,9,17,1237.8085473933359,1229,360
30,7,17,1249.8839946171004,1229,360
17,5,17,1262.9208209543463,1229,360
11,3,15,1269.2411118459722,1229,360
3,2,16,1277.200062637017,1229,360
1,0,18,1279.6812103020034,1229,360
-1,3,18,1280.7611018453051,1229,360
-5,0,14,1285.44000248942,1229,360
-5,1,16,1285.1603012854077,1229,360
-4,0,17,1284.4800504484294,1229,360
-5,-1,17,1285.720420620284,1229,360
-4,-2,18,1285.0420226591814,1229,360
-5,-2,17,1286.0015552090128,1229,360
-5,-1,17,1285.720420620284,1229,360
-4,0,16,1284.4800504484294,1229,360
-4,0,14,1284.4800504484294,1229,360
-7,0,18,1287.3600894854555,1229,360
-2,1,16,1282.2800006238888,1229,360
-7,1,19,1287.080805544081,1229,360
-3,1,16,1283.240039899005,1229,360
-2,0,16,1282.5603299650274,1229,360
-1,0,18,1281.6005617976298,1229,360
-1,1,17,1281.3200224768207,1229,360
-1,0,17,1281.6005617976298,1229,360
0,0,15,1280.6408551971158,1229,360
0,1,222,1280.360105595297,1229,360
0,1,12,1280.360105595297,1229,360
0,2,17,1280.0800756202716,1229,360
0,2,17,1280.0800756202716,1229,360
0,2,17,1280.0800756202716,1229,360
0,0,16,1280.6408551971158,1229,360
-1,0,260,1173.4926501687175,1018,582
-1,0,7,1173.4926501687175,1018,582
-3,0,18,1175.2297647694259,1018,582
-5,0,15,1176.9677140856497,1018,582
-2,0,15,1174.3611028980822,1018,582
-11,0,18,1182.1865335047596,1018,582
-14,-2,17,1185.7824421031034,1018,582
-11,-1,17,1182.6791619031765,1018,582
-18,0,16,1188.2844777240844,1018,582
-19,0,18,1189.1564236886584,1018,582
-18,8,16,1184.3867611553246,1018,582
-20,12,14,1184.2060631494842,1018,582
-19,15,20,1181.887473493141,1018,582
-11,12,15,1176.3252101353605,1018,582
-10,15,16,1173.9987223161702,1018,582
-7,23,18,1167.5213060154406,1018,582
-1,13,15,1167.099824350942,1018,582
0,26,19,1159.939653602721,1018,582
1,8,16,1167.8034937437035,1018,582
2,19,17,1161.5614490848084,1018,582
0,5,14,1170.1508449768346,1018,582
-1,16,20,1165.64016746164,1018,582
-5,11,16,1171.5673262770688,1018,582
-5,9,15,1172.5433893890665,1018,582
-3,4,19,1173.2540219406878,1018,582
-4,4,15,1174.1243545723767,1018,582
-2,1,17,1173.8658356047338,1018,582
-1,1,17,1172.9970161939884,1018,582
-2,1,17,1173.8658356047338,1018,582
-2,2,17,1173.3712115098103,1018,582
-3,2,16,1174.240605668191,1018,582
-2,3,18,1172.8772314270577,1018,582
-3,3,13,1173.7469914764424,1018,582
-3,3,18,1173.7469914764424,1018,582
-3,3,17,1173.7469914764424,1018,582
-3,4,18,1173.2540219406878,1018,582
-1,1,17,1172.9970161939884,1018,582
0,0,12,1172.6244070460073,1018,582
0,1,21,1172.1284059351176,1018,582
-1,0,345,288.0277764383151,131,256
-3,0,7,288.9498226336192,131,256
-6,0,15,290.3532331488665,131,256
-14,-1,16,295.0830391601659,131,256
-46,-10,16,319.50743340335606,131,256
-84,-27,17,355.4068091638088,131,256
-86,-41,17,367.8287645087045,131,256
-104,-53,15,388.2087067544982,131,256
-105,-53,17,388.81486597093993,131,256
-101,-47,16,381.61891986640285,131,256
-68,-24,16,343.5127362995439,131,256
-84,-20,17,349.8585428426752,131,256
-105,-15,20,359.3563690822802,131,256
-37,-1,14,307.0390854598157,131,256
-44,-3,17,312.5795898647255,131,256
-20,-1,17,298.0771712157776,131,256
-12,-2,17,294.97966031575805,131,256
-9,-1,17,292.6585040623286,131,256
-3,0,17,288.9498226336192,131,256
-1,-1,17,288.9169430822637,131,256
1,0,26,287.1167010119753,131,256
1,0,8,287.1167010119753,131,256
2,0,16,286.6653100743095,131,256
9,1,17,282.68179990936807,131,256
3,0,12,286.2167011199731,131,256
9,1,21,282.68179990936807,131,256
6,1,15,283.98943642325855,131,256
5,0,18,285.3278815678552,131,256
4,-1,15,286.66705426330384,131,256
2,-1,19,287.5586896617802,131,256
2,-2,16,288.45276909747287,131,256
1,-4,15,290.68883707497264,131,256
1,-4,19,290.68883707497264,131,256
0,-6,14,292.92490505247247,131,256
0,-3,19,290.2447243275922,131,256
0,-4,14,291.1374245953275,131,256
0,-2,19,289.35272592460575,131,256
0,-2,16,289.35272592460575,131,256
0,0,17,287.5708608325955,131,256
1,0,292,203.3051893090779,203,23
1,0,7,203.3051893090779,203,23
2,0,16,202.3116407921205,203,23
17,2,19,187.18172987767795,203,23
28,5,15,175.9232787325202,203,23
26,2,17,178.24140933015536,203,23
36,3,18,168.19334112859522,203,23
11,0,13,193.3726971420733,203,23
13,0,17,191.38704240360684,203,23
5,0,21,199.3313823761828,203,23
1,-2,13,203.54115063052976,203,23
-8,-10,16,213.56497840235883,203,23
-23,-28,17,231.68297304722245,203,23
-30,-43,19,242.1672975444868,203,23
-23,-41,14,234.88720697390056,203,23
-22,-42,17,234.2007685726074,203,23
-13,-22,19,220.63771209836273,203,23
-6,-11,17,211.74749113035554,203,23
-2,-2,15,206.51876428063383,203,23
-1,-3,19,205.65018842685265,203,23
0,0,54,204.29880077964236,203,23
1,0,11,203.3051893090779,203,23
1,0,15,203.3051893090779,203,23
4,1,19,200.21238722916223,203,23
4,0,15,200.32473636573192,203,23
8,0,17,196.3517252279694,203,23
10,0,19,194.36563482261982,203,23
10,-2,16,194.61243536834948,203,23
8,-4,17,196.86035659827502,203,23
10,-7,17,195.3176899310454,203,23
3,-3,16,201.6829194552677,203,23
3,-5,16,201.9504889818294,203,23
0,-1,15,204.41379601191306,203,23
2,-5,20,202.94087809014724,203,23
0,-4,15,204.78769494283586,203,23
0,-2,18,204.53361581901396,203,23
-1,-2,16,205.526154053444,203,23
-1,-2,16,205.526154053444,203,23
-1,-2,17,205.526154053444,203,23
-1,-2,14,205.526154053444,203,23
-1,-1,21,205.40691322348428,203,23
0,0,14,204.29880077964236,203,23
0,0,149,892.5032212827022,851,269
6,1,17,886.4812462765358,851,269
19,8,19,871.9776373279306,851,269
25,12,16,865.057801536984,851,269
36,19,14,852.4816713572204,851,269
41,24,19,846.2416912442923,851,269
42,26,16,844.7070498107613,851,269
38,27,15,848.2529103987796,851,269
21,15,19,867.9953916928362,851,269
25,18,16,863.2942719606102,851,269
24,15,17,865.1271582836825,851,269
14,7,15,877.0478892284046,851,269
27,11,19,863.44658201883,851,269
21,8,17,870.0695374508867,851,269
28,8,15,863.3944637302234,851,269
43,13,16,847.5848040166836,851,269
29,7,17,862.7444581102797,851,269
38,7,19,854.1738698883266,851,269
32,7,16,859.8866204331824,851,269
29,5,17,863.3539251083532,851,269
17,2,17,875.6968653592406,851,269
17,2,15,875.6968653592406,851,269
13,2,15,879.5072484067429,851,269
7,1,17,885.5280910281729,851,269
6,0,16,886.784077439373,851,269
4,0,17,888.6900472043108,851,269
6,0,20,886.784077439373,851,269
5,0,17,887.7370106061817,851,269
5,0,15,887.7370106061817,851,269
4,0,16,888.6900472043108,851,269
7,0,19,885.8312480376835,851,269
6,0,14,886.784077439373,851,269
4,0,19,888.6900472043108,851,269
3,0,14,889.6431869013554,851,269
2,0,16,890.5964293662984,851,269
2,0,20,890.5964293662984,851,269
1,0,16,891.549774269502,851,269
1,0,14,891.549774269502,851,269
0,1,17,892.2023313128026,851,269
0,0,117,794.8295414741452,595,527
-1,0,115,795.5784059412372,595,527
-3,0,6,797.0777879228601,595,527
-4,1,16,797.1681127591595,595,527
-10,6,15,798.4146792237727,595,527
-14,7,15,800.8002247751932,595,527
-41,21,16,812.7311978754107,595,527
-44,21,19,815.0809775721674,595,527
-62,34,15,821.4000243486727,595,527
-68,40,18,822.6408693956313,595,527
-24,16,16,802.6717884664939,595,527
-33,29,18,801.4911103686678,595,527
-10,10,16,795.8102788981806,595,527
-8,8,16,795.5941176253127,595,527
-2,5,15,793.0277422637874,595,527
0,5,21,791.5232150733167,595,527
2,4,15,790.6819841124496,595,527
5,5,15,787.7715404861996,595,527
7,6,18,785.6112270073538,595,527
7,6,15,785.6112270073538,595,527
8,6,19,784.8630453779818,595,527
5,4,13,788.4345248655718,595,527
7,5,17,786.2747611363346,595,527
8,6,21,784.8630453779818,595,527
2,2,15,792.006313106152,595,527
6,4,17,787.6864858558893,595,527
5,4,17,788.4345248655718,595,527
3,2,16,791.2578593606512,595,527
1,1,17,793.4179226611913,595,527
1,0,17,794.0812301018077,595,527
1,0,15,794.0812301018077,595,527
0,0,18,794.8295414741452,595,527
0,0,239,645.9798758475375,541,353
-1,0,9,646.8175940711569,541,353
-5,-1,19,650.7165281441681,541,353
-7,-7,15,655.6706490304412,541,353
-8,-7,15,656.5066640941278,541,353
-11,-10,18,660.6610326029529,541,353
-5,-4,18,652.3534318143808,541,353
-5,-5,17,652.9012176432205,541,353
-4,-2,15,650.4229393248673,541,353
-5,-3,17,651.8067198180761,541,353
-3,-2,18,649.5852522956475,541,353
-6,-12,17,657.597141113007,541,353
-2,-8,14,652.0506115325711,541,353
-2,-33,20,666.2169316371358,541,353
0,-19,15,656.5554051258736,541,353
0,-21,17,657.6906567680584,541,353
3,-16,15,652.3840893216204,541,353
3,-8,16,647.892738036166,541,353
2,-6,17,647.612538482695,541,353
1,-4,20,647.3399416071899,541,353
1,-2,15,646.2391198310421,541,353
0,-1,18,646.5268749247783,541,353
0,-1,15,646.5268749247783,541,353
0,0,15,645.9798758475375,541,353
0,-1,17,646.5268749247783,541,353
0,0,19,645.9798758475375,541,353
0,-1,17,646.5268749247783,541,353
0,0,22,645.9798758475375,541,353
0,1,221,702.2036741572917,671,208
1,1,7,701.2481729031456,671,208
3,2,13,699.042201873392,671,208
18,7,21,683.2349522675197,671,208
9,1,14,693.6086792997908,671,208
38,3,19,665.3675675895241,671,208
31,0,15,672.9517070340189,671,208
29,-4,16,676.0976260866473,671,208
22,-10,19,684.6349392194354,671,208
15,-15,17,692.867231148941,671,208
6,-17,15,702.0327627682343,671,208
1,-21,18,708.0543764429395,671,208
-2,-14,16,708.6698808330999,671,208
-7,-16,16,714.0448165206438,671,208
-7,-12,17,712.8001122334367,671,208
-7,-9,16,711.8799056020615,671,208
-3,-5,17,706.8557137068357,671,208
-3,-4,17,706.5550226273959,671,208
-2,-6,17,706.2046445613339,671,208
-1,-3,17,704.3472155123494,671,208
-1,-3,16,704.3472155123494,671,208
-2,-3,17,705.3013540324448,671,208
0,-3,17,703.3932044027722,671,208
-2,-3,15,705.3013540324448,671,208
-1,-2,16,704.0482937980888,671,208
-1,-2,16,704.0482937980888,671,208
-1,-2,17,704.0482937980888,671,208
-1,-2,19,704.0482937980888,671,208
0,-2,17,703.0938770889702,671,208
-1,-1,14,703.7506660742852,671,208
-1,-1,19,703.7506660742852,671,208
-1,-1,20,703.7506660742852,671,208
0,1,163,1130.0199113289996,1112,202
-5,10,20,1133.3812244783305,1112,202
-15,29,16,1140.2008594980098,1112,202
-9,19,17,1135.838897027215,1112,202
-12,22,17,1138.3215714375267,1112,202
-6,12,15,1134.0299819669672,1112,202
-4,7,17,1132.9082045779348,1112,202
-2,4,17,1131.4592347937241,1112,202
-2,2,15,1131.81093827547,1112,202
1,-2,43,1129.5738134358462,1112,202
4,-2,7,1126.6232733260929,1112,202
21,-13,18,1111.9829135377936,1112,202
32,-14,18,1101.3882149360415,1112,202
46,-16,15,1088.0624982049515,1112,202
53,-16,16,1081.2053458987334,1112,202
59,-15,17,1075.1269692459584,1112,202
62,-18,16,1072.800074571213,1112,202
60,-19,17,1074.9627900536836,1112,202
57,-20,19,1078.104354874796,1112,202
33,-14,14,1100.4076517363917,1112,202
40,-15,16,1093.7426571182089,1112,202
22,-8,21,1110.045044131093,1112,202
15,-6,14,1116.5451177628247,1112,202
13,-4,16,1118.1399733485964,1112,202
9,-1,19,1121.5248548293523,1112,202
1,0,14,1129.2143286373937,1112,202
2,0,19,1128.2304729087937,1112,202
1,0,16,1129.2143286373937,1112,202
0,0,17,1130.1982127043025,1112,202
1,2,17,1128.8582727694386,1112,202
0,3,16,1129.6658798069454,1112,202
0,5,17,1129.3152792732417,1112,202
-1,10,14,1129.4392413937103,1112,202
-7,12,17,1135.0158589200416,1112,202
-7,11,16,1135.1836855769202,1112,202
-8,12,21,1136.001760562016,1112,202
-5,7,12,1133.893293039517,1112,202
-4,5,20,1133.2541639014612,1112,202
-2,3,15,1131.6346583593133,1112,202
-1,1,18,1131.0039787728424,1112,202
0,0,16,1130.1982127043025,1112,202
-1,0,14,1131.1821250355754,1112,202
0,0,32,1130.1982127043025,1112,202
-1,0,303,195.88772294352702,175,86
-7,0,19,201.2958022413781,175,86
-22,2,16,214.1611542740653,175,86
-34,5,17,224.14727301486406,175,86
-72,12,15,257.84685377176896,175,86
-74,8,18,260.93102536877444,175,86
-97,5,17,283.8045101826255,175,86
-64,1,16,253.66513359151273,175,86
-82,-3,14,271.97426348829407,175,86
-73,-14,20,267.4023186137323,175,86
-68,-20,15,265.11318337645906,175,86
-95,-38,19,297.112773202365,175,86
-28,-10,14,224.5551157288562,175,86
-56,-21,17,254.57808232446092,175,86
-36,-12,18,232.64780248263682,175,86
-31,-8,17,226.43321311150447,175,86
-25,-5,17,219.72937900972642,175,86
-16,-2,15,210.2974084481309,175,86
-16,-1,16,209.88091861815357,175,86
-13,-2,20,207.57649192526594,175,86
-7,-1,13,201.72506041639943,175,86
-6,-2,18,201.25854019146615,175,86
-3,-2,17,198.56485086741813,175,86
-3,-2,17,198.56485086741813,175,86
-1,-2,16,196.7739820199815,175,86
-2,-1,17,197.22575896672322,175,86
-1,-1,17,196.32880583347927,175,86
-1,-1,17,196.32880583347927,175,86
0,0,15,194.9897433200013,175,86
-2,0,16,196.78668654154427,175,86
0,-1,18,195.4328529188478,175,86
-1,0,16,195.88772294352702,175,86
1,0,104,407.5904807524337,404,61
2,0,13,406.6017707782395,404,61
19,0,19,389.8025141016923,404,61
38,5,15,370.25936855129,404,61
78,16,15,329.0911727773931,404,61
92,19,17,314.81423093627774,404,61
163,38,18,242.09502266672067,404,61
112,35,17,293.1552489722809,404,61
63,21,18,343.3380258579,404,61
21,9,14,386.51390660621774,404,61
17,9,17,390.4779123074697,404,61
12,7,17,395.7019080065195,404,61
3,3,18,405.17280264104596,404,61
0,1,14,408.431144747802,404,61
0,0,22,408.57924567946424,404,61
0,0,24,408.57924567946424,404,61
-1,0,8,409.56806516133554,404,61
-1,-2,12,409.8707113224852,404,61
-5,-9,17,414.94698456549844,404,61
-15,-28,20,428.3479893731264,404,61
-17,-25,16,429.69407722238856,404,61
-11,-13,15,421.54596427910445,404,61
-34,-34,15,448.1841139531833,404,61
-53,-35,20,466.97430336154474,404,61
-19,-9,14,428.75284255617476,404,61
-47,-21,20,458.3939353874569,404,61
-34,-9,15,443.55833889128945,404,61
-30,-7,17,439.2948895673611,404,61
-19,-1,17,427.5195901944144,404,61
-20,-1,17,428.5090430784396,404,61
-15,0,16,423.4170520893083,404,61
-8,0,18,416.4912964276685,404,61
-8,0,15,416.4912964276685,404,61
-6,0,17,414.5129672278058,404,61
-6,-1,14,414.6613075752306,404,61
-7,-3,21,415.9531223587581,404,61
-3,-1,14,411.6952756590729,404,61
-8,-2,18,416.78891539963007,404,61
-3,0,14,411.54586621663447,404,61
-7,-1,21,415.6500932274646,404,61
-4,0,13,412.53484701295235,404,61
-2,0,16,410.55693880386434,404,61
-4,0,18,412.53484701295235,404,61
-1,1,18,409.42032191868543,404,61
-1,2,17,409.27496869464176,404,61
-1,2,15,409.27496869464176,404,61
-1,3,16,409.13200803652603,404,61
-1,3,18,409.13200803652603,404,61
0,1,18,408.431144747802,404,61
0,1,15,408.431144747802,404,61
0,1,2,408.431144747802,404,61